[{"model": "admin.logentry", "pk": 1, "fields": {"action_time": "2023-08-25T19:09:46.778Z", "user": 1, "content_type": 7, "object_id": "1", "object_repr": "chapter-7-the-gunpowder-adventure", "action_flag": 3, "change_message": ""}}, {"model": "admin.logentry", "pk": 2, "fields": {"action_time": "2023-08-25T19:11:25.837Z", "user": 1, "content_type": 7, "object_id": "2", "object_repr": "chapter-7-the-gunpowder-adventure", "action_flag": 3, "change_message": ""}}, {"model": "admin.logentry", "pk": 3, "fields": {"action_time": "2023-08-25T19:55:45.841Z", "user": 1, "content_type": 9, "object_id": "35", "object_repr": "chapter-7-the-gunpowder-adventure/1_img.jpg", "action_flag": 3, "change_message": ""}}, {"model": "admin.logentry", "pk": 4, "fields": {"action_time": "2023-08-25T20:01:49.236Z", "user": 1, "content_type": 9, "object_id": "52", "object_repr": "chapter-7-the-gunpowder-adventure/1_img_hZXWO3x.jpg", "action_flag": 1, "change_message": "[{\"added\": {}}]"}}, {"model": "admin.logentry", "pk": 5, "fields": {"action_time": "2023-08-25T20:02:34.427Z", "user": 1, "content_type": 9, "object_id": "53", "object_repr": "chapter-7-the-gunpowder-adventure/2_img_GqrAS4O.jpg", "action_flag": 1, "change_message": "[{\"added\": {}}]"}}, {"model": "admin.logentry", "pk": 6, "fields": {"action_time": "2023-08-25T20:04:12.753Z", "user": 1, "content_type": 9, "object_id": "54", "object_repr": "chapter-7-the-gunpowder-adventure/21_img.jpg", "action_flag": 1, "change_message": "[{\"added\": {}}]"}}, {"model": "admin.logentry", "pk": 7, "fields": {"action_time": "2023-08-25T20:04:28.987Z", "user": 1, "content_type": 9, "object_id": "55", "object_repr": "chapter-7-the-gunpowder-adventure/RE4wtc0.jpg", "action_flag": 1, "change_message": "[{\"added\": {}}]"}}, {"model": "admin.logentry", "pk": 8, "fields": {"action_time": "2023-08-25T20:08:46.831Z", "user": 1, "content_type": 9, "object_id": "56", "object_repr": "chapter-7-the-gunpowder-adventure/DSC01260.JPG", "action_flag": 1, "change_message": "[{\"added\": {}}]"}}, {"model": "admin.logentry", "pk": 9, "fields": {"action_time": "2023-08-25T20:14:21.855Z", "user": 1, "content_type": 7, "object_id": "3", "object_repr": "chapter-7-the-gunpowder-adventure", "action_flag": 3, "change_message": ""}}, {"model": "admin.logentry", "pk": 10, "fields": {"action_time": "2023-08-25T20:21:07.464Z", "user": 1, "content_type": 7, "object_id": "20", "object_repr": "chapter-232-5", "action_flag": 3, "change_message": ""}}, {"model": "admin.logentry", "pk": 11, "fields": {"action_time": "2023-08-25T20:21:07.467Z", "user": 1, "content_type": 7, "object_id": "19", "object_repr": "chapter-233", "action_flag": 3, "change_message": ""}}, {"model": "admin.logentry", "pk": 12, "fields": {"action_time": "2023-08-25T20:21:07.468Z", "user": 1, "content_type": 7, "object_id": "18", "object_repr": "chapter-220", "action_flag": 3, "change_message": ""}}, {"model": "admin.logentry", "pk": 13, "fields": {"action_time": "2023-08-25T20:21:07.470Z", "user": 1, "content_type": 7, "object_id": "17", "object_repr": "chapter-221", "action_flag": 3, "change_message": ""}}, {"model": "admin.logentry", "pk": 14, "fields": {"action_time": "2023-08-25T20:21:07.471Z", "user": 1, "content_type": 7, "object_id": "16", "object_repr": "chapter-222", "action_flag": 3, "change_message": ""}}, {"model": "admin.logentry", "pk": 15, "fields": {"action_time": "2023-08-25T20:21:07.472Z", "user": 1, "content_type": 7, "object_id": "15", "object_repr": "chapter-223", "action_flag": 3, "change_message": ""}}, {"model": "admin.logentry", "pk": 16, "fields": {"action_time": "2023-08-25T20:21:07.473Z", "user": 1, "content_type": 7, "object_id": "14", "object_repr": "chapter-224", "action_flag": 3, "change_message": ""}}, {"model": "admin.logentry", "pk": 17, "fields": {"action_time": "2023-08-25T20:21:07.474Z", "user": 1, "content_type": 7, "object_id": "13", "object_repr": "chapter-225", "action_flag": 3, "change_message": ""}}, {"model": "admin.logentry", "pk": 18, "fields": {"action_time": "2023-08-25T20:21:07.475Z", "user": 1, "content_type": 7, "object_id": "12", "object_repr": "chapter-226", "action_flag": 3, "change_message": ""}}, {"model": "admin.logentry", "pk": 19, "fields": {"action_time": "2023-08-25T20:21:07.476Z", "user": 1, "content_type": 7, "object_id": "11", "object_repr": "chapter-227", "action_flag": 3, "change_message": ""}}, {"model": "admin.logentry", "pk": 20, "fields": {"action_time": "2023-08-25T20:21:07.477Z", "user": 1, "content_type": 7, "object_id": "10", "object_repr": "chapter-228", "action_flag": 3, "change_message": ""}}, {"model": "admin.logentry", "pk": 21, "fields": {"action_time": "2023-08-25T20:21:07.478Z", "user": 1, "content_type": 7, "object_id": "9", "object_repr": "chapter-229", "action_flag": 3, "change_message": ""}}, {"model": "admin.logentry", "pk": 22, "fields": {"action_time": "2023-08-25T20:21:07.480Z", "user": 1, "content_type": 7, "object_id": "8", "object_repr": "chapter-230", "action_flag": 3, "change_message": ""}}, {"model": "admin.logentry", "pk": 23, "fields": {"action_time": "2023-08-25T20:21:07.481Z", "user": 1, "content_type": 7, "object_id": "7", "object_repr": "chapter-231", "action_flag": 3, "change_message": ""}}, {"model": "admin.logentry", "pk": 24, "fields": {"action_time": "2023-08-25T20:21:07.483Z", "user": 1, "content_type": 7, "object_id": "6", "object_repr": "chapter-232", "action_flag": 3, "change_message": ""}}, {"model": "admin.logentry", "pk": 25, "fields": {"action_time": "2023-08-25T20:21:07.486Z", "user": 1, "content_type": 7, "object_id": "5", "object_repr": "chapter-232-5", "action_flag": 3, "change_message": ""}}, {"model": "admin.logentry", "pk": 26, "fields": {"action_time": "2023-08-25T20:21:07.487Z", "user": 1, "content_type": 7, "object_id": "4", "object_repr": "chapter-233", "action_flag": 3, "change_message": ""}}, {"model": "admin.logentry", "pk": 27, "fields": {"action_time": "2023-08-25T20:23:49.135Z", "user": 1, "content_type": 7, "object_id": "22", "object_repr": "chapter-232-5", "action_flag": 3, "change_message": ""}}, {"model": "admin.logentry", "pk": 28, "fields": {"action_time": "2023-08-25T20:23:49.137Z", "user": 1, "content_type": 7, "object_id": "21", "object_repr": "chapter-233", "action_flag": 3, "change_message": ""}}, {"model": "admin.logentry", "pk": 29, "fields": {"action_time": "2023-08-25T20:23:56.333Z", "user": 1, "content_type": 7, "object_id": "23", "object_repr": "chapter-225", "action_flag": 3, "change_message": ""}}, {"model": "admin.logentry", "pk": 30, "fields": {"action_time": "2023-08-26T20:28:07.564Z", "user": 1, "content_type": 7, "object_id": "259", "object_repr": "chapter-225", "action_flag": 3, "change_message": ""}}, {"model": "admin.logentry", "pk": 31, "fields": {"action_time": "2023-08-26T20:29:14.316Z", "user": 1, "content_type": 7, "object_id": "34", "object_repr": "chapter-233", "action_flag": 3, "change_message": ""}}, {"model": "admin.logentry", "pk": 32, "fields": {"action_time": "2023-08-26T20:29:14.319Z", "user": 1, "content_type": 7, "object_id": "33", "object_repr": "chapter-232-5", "action_flag": 3, "change_message": ""}}, {"model": "admin.logentry", "pk": 33, "fields": {"action_time": "2023-08-26T20:29:14.320Z", "user": 1, "content_type": 7, "object_id": "32", "object_repr": "chapter-232", "action_flag": 3, "change_message": ""}}, {"model": "admin.logentry", "pk": 34, "fields": {"action_time": "2023-08-26T20:29:14.321Z", "user": 1, "content_type": 7, "object_id": "31", "object_repr": "chapter-231", "action_flag": 3, "change_message": ""}}, {"model": "admin.logentry", "pk": 35, "fields": {"action_time": "2023-08-26T20:29:14.322Z", "user": 1, "content_type": 7, "object_id": "30", "object_repr": "chapter-230", "action_flag": 3, "change_message": ""}}, {"model": "admin.logentry", "pk": 36, "fields": {"action_time": "2023-08-26T20:29:14.323Z", "user": 1, "content_type": 7, "object_id": "29", "object_repr": "chapter-229", "action_flag": 3, "change_message": ""}}, {"model": "admin.logentry", "pk": 37, "fields": {"action_time": "2023-08-26T20:29:14.324Z", "user": 1, "content_type": 7, "object_id": "28", "object_repr": "chapter-228", "action_flag": 3, "change_message": ""}}, {"model": "admin.logentry", "pk": 38, "fields": {"action_time": "2023-08-26T20:29:14.325Z", "user": 1, "content_type": 7, "object_id": "27", "object_repr": "chapter-227", "action_flag": 3, "change_message": ""}}, {"model": "admin.logentry", "pk": 39, "fields": {"action_time": "2023-08-26T20:29:14.328Z", "user": 1, "content_type": 7, "object_id": "26", "object_repr": "chapter-226", "action_flag": 3, "change_message": ""}}, {"model": "admin.logentry", "pk": 40, "fields": {"action_time": "2023-08-26T20:29:14.329Z", "user": 1, "content_type": 7, "object_id": "24", "object_repr": "chapter-225", "action_flag": 3, "change_message": ""}}, {"model": "admin.logentry", "pk": 41, "fields": {"action_time": "2023-08-26T20:30:57.166Z", "user": 1, "content_type": 10, "object_id": "1", "object_repr": "Профиль пользователя lumberjack", "action_flag": 1, "change_message": "[{\"added\": {}}]"}}, {"model": "admin.logentry", "pk": 42, "fields": {"action_time": "2023-08-26T20:59:06.952Z", "user": 1, "content_type": 10, "object_id": "1", "object_repr": "Профиль пользователя lumberjack", "action_flag": 2, "change_message": "[{\"changed\": {\"fields\": [\"\\u0424\\u043e\\u0442\\u043e\"]}}]"}}, {"model": "admin.logentry", "pk": 43, "fields": {"action_time": "2023-08-29T20:06:25.317Z", "user": 1, "content_type": 7, "object_id": "43", "object_repr": "chapter-8-5-jump-giga-extra", "action_flag": 2, "change_message": "[{\"changed\": {\"fields\": [\"Chapter number\"]}}]"}}, {"model": "admin.logentry", "pk": 44, "fields": {"action_time": "2023-08-29T20:06:53.559Z", "user": 1, "content_type": 7, "object_id": "267", "object_repr": "chapter-232-5", "action_flag": 2, "change_message": "[{\"changed\": {\"fields\": [\"Chapter number\"]}}]"}}, {"model": "admin.logentry", "pk": 45, "fields": {"action_time": "2023-08-31T18:15:46.101Z", "user": 1, "content_type": 8, "object_id": "1", "object_repr": "Dr Stone", "action_flag": 2, "change_message": "[{\"changed\": {\"fields\": [\"Poster\"]}}]"}}, {"model": "admin.logentry", "pk": 46, "fields": {"action_time": "2023-09-02T16:44:15.112Z", "user": 1, "content_type": 7, "object_id": "43", "object_repr": "chapter-8-5-jump-giga-extra", "action_flag": 2, "change_message": "[{\"changed\": {\"fields\": [\"Chapter number\", \"\\u041f\\u043e\\u043d\\u0440\\u0430\\u0432\\u0438\\u043b\\u043e\\u0441\\u044c\"]}}]"}}, {"model": "admin.logentry", "pk": 47, "fields": {"action_time": "2023-09-02T16:45:07.873Z", "user": 1, "content_type": 7, "object_id": "267", "object_repr": "chapter-232-5", "action_flag": 2, "change_message": "[{\"changed\": {\"fields\": [\"Chapter number\", \"\\u041f\\u043e\\u043d\\u0440\\u0430\\u0432\\u0438\\u043b\\u043e\\u0441\\u044c\"]}}]"}}, {"model": "admin.logentry", "pk": 48, "fields": {"action_time": "2023-09-03T09:33:20.256Z", "user": 1, "content_type": 8, "object_id": "1", "object_repr": "Dr Stone", "action_flag": 2, "change_message": "[{\"changed\": {\"fields\": [\"Poster\"]}}]"}}, {"model": "admin.logentry", "pk": 49, "fields": {"action_time": "2023-09-03T09:35:30.638Z", "user": 1, "content_type": 8, "object_id": "1", "object_repr": "Dr Stone", "action_flag": 2, "change_message": "[{\"changed\": {\"fields\": [\"Poster\"]}}]"}}, {"model": "admin.logentry", "pk": 50, "fields": {"action_time": "2023-09-06T10:03:18.537Z", "user": 1, "content_type": 4, "object_id": "6", "object_repr": "asdf", "action_flag": 3, "change_message": ""}}, {"model": "admin.logentry", "pk": 51, "fields": {"action_time": "2023-09-06T10:03:18.539Z", "user": 1, "content_type": 4, "object_id": "2", "object_repr": "fortunate_son", "action_flag": 3, "change_message": ""}}, {"model": "admin.logentry", "pk": 52, "fields": {"action_time": "2023-09-06T10:03:18.541Z", "user": 1, "content_type": 4, "object_id": "3", "object_repr": "foster", "action_flag": 3, "change_message": ""}}, {"model": "admin.logentry", "pk": 53, "fields": {"action_time": "2023-09-06T10:03:18.542Z", "user": 1, "content_type": 4, "object_id": "4", "object_repr": "fostera", "action_flag": 3, "change_message": ""}}, {"model": "admin.logentry", "pk": 54, "fields": {"action_time": "2023-09-06T16:07:56.633Z", "user": 1, "content_type": 11, "object_id": "24", "object_repr": "Bookmark object (24)", "action_flag": 3, "change_message": ""}}, {"model": "admin.logentry", "pk": 55, "fields": {"action_time": "2023-09-06T16:07:56.636Z", "user": 1, "content_type": 11, "object_id": "23", "object_repr": "Bookmark object (23)", "action_flag": 3, "change_message": ""}}, {"model": "admin.logentry", "pk": 56, "fields": {"action_time": "2023-09-06T16:07:56.637Z", "user": 1, "content_type": 11, "object_id": "18", "object_repr": "Bookmark object (18)", "action_flag": 3, "change_message": ""}}, {"model": "admin.logentry", "pk": 57, "fields": {"action_time": "2023-09-06T16:07:56.638Z", "user": 1, "content_type": 11, "object_id": "17", "object_repr": "Bookmark object (17)", "action_flag": 3, "change_message": ""}}, {"model": "admin.logentry", "pk": 58, "fields": {"action_time": "2023-09-06T16:07:56.639Z", "user": 1, "content_type": 11, "object_id": "16", "object_repr": "Bookmark object (16)", "action_flag": 3, "change_message": ""}}, {"model": "admin.logentry", "pk": 59, "fields": {"action_time": "2023-09-06T16:07:56.639Z", "user": 1, "content_type": 11, "object_id": "15", "object_repr": "Bookmark object (15)", "action_flag": 3, "change_message": ""}}, {"model": "admin.logentry", "pk": 60, "fields": {"action_time": "2023-09-06T16:07:56.640Z", "user": 1, "content_type": 11, "object_id": "2", "object_repr": "Bookmark object (2)", "action_flag": 3, "change_message": ""}}, {"model": "admin.logentry", "pk": 61, "fields": {"action_time": "2023-09-06T17:16:09.144Z", "user": 1, "content_type": 12, "object_id": "1", "object_repr": "Comment object (1)", "action_flag": 3, "change_message": ""}}, {"model": "admin.logentry", "pk": 62, "fields": {"action_time": "2023-09-06T17:16:34.964Z", "user": 1, "content_type": 12, "object_id": "11", "object_repr": "Comment object (11)", "action_flag": 3, "change_message": ""}}, {"model": "admin.logentry", "pk": 63, "fields": {"action_time": "2023-09-06T17:16:46.141Z", "user": 1, "content_type": 12, "object_id": "10", "object_repr": "Comment object (10)", "action_flag": 3, "change_message": ""}}, {"model": "admin.logentry", "pk": 64, "fields": {"action_time": "2023-09-06T17:16:53.587Z", "user": 1, "content_type": 12, "object_id": "7", "object_repr": "Comment object (7)", "action_flag": 3, "change_message": ""}}, {"model": "admin.logentry", "pk": 65, "fields": {"action_time": "2023-09-06T17:18:47.288Z", "user": 1, "content_type": 4, "object_id": "5", "object_repr": "Aslan", "action_flag": 3, "change_message": ""}}, {"model": "admin.logentry", "pk": 66, "fields": {"action_time": "2023-09-06T17:18:47.290Z", "user": 1, "content_type": 4, "object_id": "7", "object_repr": "fostera", "action_flag": 3, "change_message": ""}}, {"model": "admin.logentry", "pk": 67, "fields": {"action_time": "2023-09-07T18:02:52.886Z", "user": 1, "content_type": 8, "object_id": "2", "object_repr": "Attack on titan", "action_flag": 1, "change_message": "[{\"added\": {}}]"}}, {"model": "admin.logentry", "pk": 68, "fields": {"action_time": "2023-09-07T18:05:51.042Z", "user": 1, "content_type": 7, "object_id": "269", "object_repr": "shingeki-no-kyojin-chapter-0", "action_flag": 3, "change_message": ""}}, {"model": "admin.logentry", "pk": 69, "fields": {"action_time": "2023-09-07T18:37:04.174Z", "user": 1, "content_type": 7, "object_id": "282", "object_repr": "shingeki-no-kyojin-chapter-9.5", "action_flag": 2, "change_message": "[{\"changed\": {\"fields\": [\"Chapter number\", \"\\u041f\\u043e\\u043d\\u0440\\u0430\\u0432\\u0438\\u043b\\u043e\\u0441\\u044c\"]}}]"}}, {"model": "admin.logentry", "pk": 70, "fields": {"action_time": "2023-09-07T18:37:39.590Z", "user": 1, "content_type": 7, "object_id": "292", "object_repr": "shingeki-no-kyojin-chapter-18.5", "action_flag": 2, "change_message": "[{\"changed\": {\"fields\": [\"Chapter number\", \"\\u041f\\u043e\\u043d\\u0440\\u0430\\u0432\\u0438\\u043b\\u043e\\u0441\\u044c\"]}}]"}}, {"model": "admin.logentry", "pk": 71, "fields": {"action_time": "2023-09-07T18:39:04.292Z", "user": 1, "content_type": 7, "object_id": "282", "object_repr": "shingeki-no-kyojin-chapter-9.5", "action_flag": 2, "change_message": "[{\"changed\": {\"fields\": [\"\\u041f\\u043e\\u043d\\u0440\\u0430\\u0432\\u0438\\u043b\\u043e\\u0441\\u044c\"]}}]"}}, {"model": "admin.logentry", "pk": 72, "fields": {"action_time": "2023-09-07T18:40:07.113Z", "user": 1, "content_type": 7, "object_id": "292", "object_repr": "shingeki-no-kyojin-chapter-18.5", "action_flag": 2, "change_message": "[]"}}, {"model": "admin.logentry", "pk": 73, "fields": {"action_time": "2023-09-07T18:42:56.974Z", "user": 1, "content_type": 7, "object_id": "282", "object_repr": "shingeki-no-kyojin-chapter-9.5", "action_flag": 2, "change_message": "[]"}}, {"model": "admin.logentry", "pk": 74, "fields": {"action_time": "2023-09-07T18:43:18.966Z", "user": 1, "content_type": 7, "object_id": "292", "object_repr": "shingeki-no-kyojin-chapter-18.5", "action_flag": 2, "change_message": "[]"}}, {"model": "admin.logentry", "pk": 75, "fields": {"action_time": "2023-09-07T18:43:37.363Z", "user": 1, "content_type": 7, "object_id": "282", "object_repr": "shingeki-no-kyojin-chapter-9.5", "action_flag": 2, "change_message": "[]"}}, {"model": "admin.logentry", "pk": 76, "fields": {"action_time": "2023-09-07T18:49:40.746Z", "user": 1, "content_type": 7, "object_id": "281", "object_repr": "shingeki-no-kyojin-chapter-009", "action_flag": 2, "change_message": "[{\"changed\": {\"fields\": [\"\\u041f\\u043e\\u043d\\u0440\\u0430\\u0432\\u0438\\u043b\\u043e\\u0441\\u044c\"]}}]"}}, {"model": "admin.logentry", "pk": 77, "fields": {"action_time": "2023-09-07T18:49:54.999Z", "user": 1, "content_type": 7, "object_id": "292", "object_repr": "shingeki-no-kyojin-chapter-18.5", "action_flag": 2, "change_message": "[]"}}, {"model": "admin.logentry", "pk": 78, "fields": {"action_time": "2023-09-07T18:55:20.129Z", "user": 1, "content_type": 7, "object_id": "282", "object_repr": "shingeki-no-kyojin-chapter-9-5", "action_flag": 2, "change_message": "[{\"changed\": {\"fields\": [\"\\u041d\\u0430\\u0437\\u0432\\u0430\\u043d\\u0438\\u0435 \\u0433\\u043b\\u0430\\u0432\\u044b\"]}}]"}}, {"model": "admin.logentry", "pk": 79, "fields": {"action_time": "2023-09-07T18:55:30.380Z", "user": 1, "content_type": 7, "object_id": "292", "object_repr": "shingeki-no-kyojin-chapter-18-5", "action_flag": 2, "change_message": "[{\"changed\": {\"fields\": [\"\\u041d\\u0430\\u0437\\u0432\\u0430\\u043d\\u0438\\u0435 \\u0433\\u043b\\u0430\\u0432\\u044b\"]}}]"}}, {"model": "admin.logentry", "pk": 80, "fields": {"action_time": "2023-09-08T14:27:39.101Z", "user": 1, "content_type": 8, "object_id": "1", "object_repr": "Dr Stone", "action_flag": 2, "change_message": "[{\"changed\": {\"fields\": [\"\\u041d\\u0430\\u0437\\u0432\\u0430\\u043d\\u0438\\u0435 \\u043c\\u0430\\u043d\\u0433\\u0438\", \"Description\"]}}]"}}, {"model": "admin.logentry", "pk": 81, "fields": {"action_time": "2023-09-08T14:27:53.456Z", "user": 1, "content_type": 8, "object_id": "1", "object_repr": "Dr Stone", "action_flag": 2, "change_message": "[{\"changed\": {\"fields\": [\"Description\"]}}]"}}, {"model": "admin.logentry", "pk": 82, "fields": {"action_time": "2023-09-08T14:28:27.030Z", "user": 1, "content_type": 8, "object_id": "2", "object_repr": "Attack on titan", "action_flag": 2, "change_message": "[{\"changed\": {\"fields\": [\"\\u041d\\u0430\\u0437\\u0432\\u0430\\u043d\\u0438\\u0435 \\u043c\\u0430\\u043d\\u0433\\u0438\", \"Description\"]}}]"}}, {"model": "admin.logentry", "pk": 83, "fields": {"action_time": "2023-09-08T14:28:41.617Z", "user": 1, "content_type": 8, "object_id": "2", "object_repr": "Attack on titan", "action_flag": 2, "change_message": "[{\"changed\": {\"fields\": [\"Description\"]}}]"}}, {"model": "admin.logentry", "pk": 84, "fields": {"action_time": "2023-09-08T14:43:28.919Z", "user": 1, "content_type": 8, "object_id": "1", "object_repr": "Dr Stone", "action_flag": 2, "change_message": "[{\"changed\": {\"fields\": [\"Poster\"]}}]"}}, {"model": "admin.logentry", "pk": 85, "fields": {"action_time": "2023-09-08T18:08:22.287Z", "user": 1, "content_type": 12, "object_id": "17", "object_repr": "Comment object (17)", "action_flag": 2, "change_message": "[{\"changed\": {\"fields\": [\"Text\"]}}]"}}, {"model": "admin.logentry", "pk": 86, "fields": {"action_time": "2023-09-08T18:08:30.013Z", "user": 1, "content_type": 12, "object_id": "16", "object_repr": "Comment object (16)", "action_flag": 2, "change_message": "[{\"changed\": {\"fields\": [\"Text\"]}}]"}}, {"model": "admin.logentry", "pk": 87, "fields": {"action_time": "2023-10-19T16:37:03.036Z", "user": 1, "content_type": 8, "object_id": "1", "object_repr": "Dr Stone", "action_flag": 2, "change_message": "[{\"changed\": {\"fields\": [\"Slug\"]}}]"}}, {"model": "auth.permission", "pk": 1, "fields": {"name": "Can add log entry", "content_type": 1, "codename": "add_logentry"}}, {"model": "auth.permission", "pk": 2, "fields": {"name": "Can change log entry", "content_type": 1, "codename": "change_logentry"}}, {"model": "auth.permission", "pk": 3, "fields": {"name": "Can delete log entry", "content_type": 1, "codename": "delete_logentry"}}, {"model": "auth.permission", "pk": 4, "fields": {"name": "Can view log entry", "content_type": 1, "codename": "view_logentry"}}, {"model": "auth.permission", "pk": 5, "fields": {"name": "Can add permission", "content_type": 2, "codename": "add_permission"}}, {"model": "auth.permission", "pk": 6, "fields": {"name": "Can change permission", "content_type": 2, "codename": "change_permission"}}, {"model": "auth.permission", "pk": 7, "fields": {"name": "Can delete permission", "content_type": 2, "codename": "delete_permission"}}, {"model": "auth.permission", "pk": 8, "fields": {"name": "Can view permission", "content_type": 2, "codename": "view_permission"}}, {"model": "auth.permission", "pk": 9, "fields": {"name": "Can add group", "content_type": 3, "codename": "add_group"}}, {"model": "auth.permission", "pk": 10, "fields": {"name": "Can change group", "content_type": 3, "codename": "change_group"}}, {"model": "auth.permission", "pk": 11, "fields": {"name": "Can delete group", "content_type": 3, "codename": "delete_group"}}, {"model": "auth.permission", "pk": 12, "fields": {"name": "Can view group", "content_type": 3, "codename": "view_group"}}, {"model": "auth.permission", "pk": 13, "fields": {"name": "Can add user", "content_type": 4, "codename": "add_user"}}, {"model": "auth.permission", "pk": 14, "fields": {"name": "Can change user", "content_type": 4, "codename": "change_user"}}, {"model": "auth.permission", "pk": 15, "fields": {"name": "Can delete user", "content_type": 4, "codename": "delete_user"}}, {"model": "auth.permission", "pk": 16, "fields": {"name": "Can view user", "content_type": 4, "codename": "view_user"}}, {"model": "auth.permission", "pk": 17, "fields": {"name": "Can add content type", "content_type": 5, "codename": "add_contenttype"}}, {"model": "auth.permission", "pk": 18, "fields": {"name": "Can change content type", "content_type": 5, "codename": "change_contenttype"}}, {"model": "auth.permission", "pk": 19, "fields": {"name": "Can delete content type", "content_type": 5, "codename": "delete_contenttype"}}, {"model": "auth.permission", "pk": 20, "fields": {"name": "Can view content type", "content_type": 5, "codename": "view_contenttype"}}, {"model": "auth.permission", "pk": 21, "fields": {"name": "Can add session", "content_type": 6, "codename": "add_session"}}, {"model": "auth.permission", "pk": 22, "fields": {"name": "Can change session", "content_type": 6, "codename": "change_session"}}, {"model": "auth.permission", "pk": 23, "fields": {"name": "Can delete session", "content_type": 6, "codename": "delete_session"}}, {"model": "auth.permission", "pk": 24, "fields": {"name": "Can view session", "content_type": 6, "codename": "view_session"}}, {"model": "auth.permission", "pk": 25, "fields": {"name": "Can add chapter", "content_type": 7, "codename": "add_chapter"}}, {"model": "auth.permission", "pk": 26, "fields": {"name": "Can change chapter", "content_type": 7, "codename": "change_chapter"}}, {"model": "auth.permission", "pk": 27, "fields": {"name": "Can delete chapter", "content_type": 7, "codename": "delete_chapter"}}, {"model": "auth.permission", "pk": 28, "fields": {"name": "Can view chapter", "content_type": 7, "codename": "view_chapter"}}, {"model": "auth.permission", "pk": 29, "fields": {"name": "Can add manga", "content_type": 8, "codename": "add_manga"}}, {"model": "auth.permission", "pk": 30, "fields": {"name": "Can change manga", "content_type": 8, "codename": "change_manga"}}, {"model": "auth.permission", "pk": 31, "fields": {"name": "Can delete manga", "content_type": 8, "codename": "delete_manga"}}, {"model": "auth.permission", "pk": 32, "fields": {"name": "Can view manga", "content_type": 8, "codename": "view_manga"}}, {"model": "auth.permission", "pk": 33, "fields": {"name": "Can add picture", "content_type": 9, "codename": "add_picture"}}, {"model": "auth.permission", "pk": 34, "fields": {"name": "Can change picture", "content_type": 9, "codename": "change_picture"}}, {"model": "auth.permission", "pk": 35, "fields": {"name": "Can delete picture", "content_type": 9, "codename": "delete_picture"}}, {"model": "auth.permission", "pk": 36, "fields": {"name": "Can view picture", "content_type": 9, "codename": "view_picture"}}, {"model": "auth.permission", "pk": 37, "fields": {"name": "Can add profile", "content_type": 10, "codename": "add_profile"}}, {"model": "auth.permission", "pk": 38, "fields": {"name": "Can change profile", "content_type": 10, "codename": "change_profile"}}, {"model": "auth.permission", "pk": 39, "fields": {"name": "Can delete profile", "content_type": 10, "codename": "delete_profile"}}, {"model": "auth.permission", "pk": 40, "fields": {"name": "Can view profile", "content_type": 10, "codename": "view_profile"}}, {"model": "auth.permission", "pk": 41, "fields": {"name": "Can add bookmark", "content_type": 11, "codename": "add_bookmark"}}, {"model": "auth.permission", "pk": 42, "fields": {"name": "Can change bookmark", "content_type": 11, "codename": "change_bookmark"}}, {"model": "auth.permission", "pk": 43, "fields": {"name": "Can delete bookmark", "content_type": 11, "codename": "delete_bookmark"}}, {"model": "auth.permission", "pk": 44, "fields": {"name": "Can view bookmark", "content_type": 11, "codename": "view_bookmark"}}, {"model": "auth.permission", "pk": 45, "fields": {"name": "Can add comment", "content_type": 12, "codename": "add_comment"}}, {"model": "auth.permission", "pk": 46, "fields": {"name": "Can change comment", "content_type": 12, "codename": "change_comment"}}, {"model": "auth.permission", "pk": 47, "fields": {"name": "Can delete comment", "content_type": 12, "codename": "delete_comment"}}, {"model": "auth.permission", "pk": 48, "fields": {"name": "Can view comment", "content_type": 12, "codename": "view_comment"}}, {"model": "auth.user", "pk": 1, "fields": {"password": "pbkdf2_sha256$600000$coLweFezA5A7lZznAncHnh$nUL3FAZEyvpKjOOe2JntgUtQiR/xyMBaMakgo5y/soM=", "last_login": "2023-10-19T16:36:13.140Z", "is_superuser": true, "username": "lumberjack", "first_name": "", "last_name": "", "email": "alanuldashev@gmail.com", "is_staff": true, "is_active": true, "date_joined": "2023-08-25T19:05:39.758Z", "groups": [], "user_permissions": []}}, {"model": "auth.user", "pk": 8, "fields": {"password": "pbkdf2_sha256$600000$4JYhJdD17LSeIabvIkqXwG$P6vQVpN7x584/na21O9xPPh/05uo9f/0FoEaMH0QV0s=", "last_login": "2023-09-06T17:20:12.620Z", "is_superuser": false, "username": "Aseke", "first_name": "", "last_name": "", "email": "alanuldashev1@gmail.com", "is_staff": false, "is_active": true, "date_joined": "2023-09-06T17:19:44.415Z", "groups": [], "user_permissions": []}}, {"model": "contenttypes.contenttype", "pk": 1, "fields": {"app_label": "admin", "model": "logentry"}}, {"model": "contenttypes.contenttype", "pk": 2, "fields": {"app_label": "auth", "model": "permission"}}, {"model": "contenttypes.contenttype", "pk": 3, "fields": {"app_label": "auth", "model": "group"}}, {"model": "contenttypes.contenttype", "pk": 4, "fields": {"app_label": "auth", "model": "user"}}, {"model": "contenttypes.contenttype", "pk": 5, "fields": {"app_label": "contenttypes", "model": "contenttype"}}, {"model": "contenttypes.contenttype", "pk": 6, "fields": {"app_label": "sessions", "model": "session"}}, {"model": "contenttypes.contenttype", "pk": 7, "fields": {"app_label": "reader", "model": "chapter"}}, {"model": "contenttypes.contenttype", "pk": 8, "fields": {"app_label": "reader", "model": "manga"}}, {"model": "contenttypes.contenttype", "pk": 9, "fields": {"app_label": "reader", "model": "picture"}}, {"model": "contenttypes.contenttype", "pk": 10, "fields": {"app_label": "account", "model": "profile"}}, {"model": "contenttypes.contenttype", "pk": 11, "fields": {"app_label": "account", "model": "bookmark"}}, {"model": "contenttypes.contenttype", "pk": 12, "fields": {"app_label": "reader", "model": "comment"}}, {"model": "contenttypes.contenttype", "pk": 13, "fields": {"app_label": "reader", "model": "mangatranslation"}}, {"model": "sessions.session", "pk": "0mcpgth7uj14338jv0tn22zpmehtk1a8", "fields": {"session_data": ".eJxVjEEOwiAQRe_C2pABOnR06b5nIAMMtmpoUtqV8e7apAvd_vfef6nA2zqGrckSpqwuyqjT7xY5PaTuIN-53mad5rouU9S7og_a9DBneV4P9-9g5DZ-a8sdAfg-OWIQ0wOBRSql5IjZiiPLJN5JQt-dPYFHtOR606UIyKWo9wfBEzcW:1qdw6z:98veYF6RL2flHjo1QG80nPYp32sSQH6uOzbGMNa7xGs", "expire_date": "2023-09-20T17:14:41.358Z"}}, {"model": "sessions.session", "pk": "2aepee96iwtgeu23764a98a05u1gkurw", "fields": {"session_data": "e30:1qa0AM:Wrain-rn8xpQDqOvIcJDfc9RLorSLiCeNxlUTu-olrc", "expire_date": "2023-09-09T20:45:54.776Z"}}, {"model": "sessions.session", "pk": "3rg1k4fifjaf5sy88pua5bqsdayy5mk0", "fields": {"session_data": "e30:1qa0Ar:ZCio_cpGSmik-gBMbCwNyd24mEk60pfTfMSOQLXqGrI", "expire_date": "2023-09-09T20:46:25.585Z"}}, {"model": "sessions.session", "pk": "4b87a2jsbeqb3u57ydqwjf6viwrst9xr", "fields": {"session_data": ".eJxVjEEOwiAQRe_C2pABOnR06b5nIAMMtmpoUtqV8e7apAvd_vfef6nA2zqGrckSpqwuyqjT7xY5PaTuIN-53mad5rouU9S7og_a9DBneV4P9-9g5DZ-a8sdAfg-OWIQ0wOBRSql5IjZiiPLJN5JQt-dPYFHtOR606UIyKWo9wfBEzcW:1qdpNF:vRR3zvkm6aDi52zbnoMhnojcTZBKfuX54jnI5D38uEQ", "expire_date": "2023-09-20T10:03:01.839Z"}}, {"model": "sessions.session", "pk": "5ol7ysfth0ajjmrcoa17dkj5hqrfoaey", "fields": {"session_data": ".eJxVjEEOwiAQRe_C2pABOnR06b5nIAMMtmpoUtqV8e7apAvd_vfef6nA2zqGrckSpqwuyqjT7xY5PaTuIN-53mad5rouU9S7og_a9DBneV4P9-9g5DZ-a8sdAfg-OWIQ0wOBRSql5IjZiiPLJN5JQt-dPYFHtOR606UIyKWo9wfBEzcW:1qqpGN:xWV6171MBvZum_i_2bnIDoaWj0WpfP4JnGqoo_G-CGA", "expire_date": "2023-10-26T06:33:39.359Z"}}, {"model": "sessions.session", "pk": "8mahkktjkk5nc2v72vaqcm5i07b2wgwq", "fields": {"session_data": ".eJxVjEEOwiAQRe_C2pABOnR06b5nIAMMtmpoUtqV8e7apAvd_vfef6nA2zqGrckSpqwuyqjT7xY5PaTuIN-53mad5rouU9S7og_a9DBneV4P9-9g5DZ-a8sdAfg-OWIQ0wOBRSql5IjZiiPLJN5JQt-dPYFHtOR606UIyKWo9wfBEzcW:1qtEz6:wyns8_GQvLepuZOtyAMLG3Y6AUxiIwlSnxrxaflN05E", "expire_date": "2023-11-01T22:25:48.801Z"}}, {"model": "sessions.session", "pk": "b8k2q0vdadnef4rcow1cur48kigtixwi", "fields": {"session_data": ".eJxVjMEOwiAQRP-FsyFQWFk8evcbCLBbqRqalPZk_Hdp0oMeZg7zZuYtQtzWErbGS5hIXASI02-WYn5y3QE9Yr3PMs91XaYk94o8aJO3mfh1Pbp_ByW20tdRD2QTsgY3GrKMgyNAj5SxuwLrvQZ9ZoXkWBmwo_PO6wzJYNcgPl_Iwzaz:1qd0W1:wwp6UlJCjiWIGGvi87mgisguycT_ZCPSnvKL2ZFgqxg", "expire_date": "2023-09-18T03:44:41.572Z"}}, {"model": "sessions.session", "pk": "c70skvz6sn0wpiw33jyjt7cpcrtawkkv", "fields": {"session_data": ".eJxVjEEOwiAQRe_C2pABOnR06b5nIAMMtmpoUtqV8e7apAvd_vfef6nA2zqGrckSpqwuyqjT7xY5PaTuIN-53mad5rouU9S7og_a9DBneV4P9-9g5DZ-a8sdAfg-OWIQ0wOBRSql5IjZiiPLJN5JQt-dPYFHtOR606UIyKWo9wfBEzcW:1qdw6y:S2wvFDSsN09wPaLq8b31Y4h517hhGJXF-Q309dlGK-0", "expire_date": "2023-09-20T17:14:40.737Z"}}, {"model": "sessions.session", "pk": "g5r5rz5malkhu02d66zzw3rhq435hcj4", "fields": {"session_data": ".eJxVjEEOwiAQRe_C2pABOnR06b5nIAMMtmpoUtqV8e7apAvd_vfef6nA2zqGrckSpqwuyqjT7xY5PaTuIN-53mad5rouU9S7og_a9DBneV4P9-9g5DZ-a8sdAfg-OWIQ0wOBRSql5IjZiiPLJN5JQt-dPYFHtOR606UIyKWo9wfBEzcW:1qdv9N:a89MPfaaAJUwmGAmEDoMmmcYbdVGHiNNIlfWmtslptg", "expire_date": "2023-09-20T16:13:05.586Z"}}, {"model": "sessions.session", "pk": "iy0wr0pr5d0bocnhvviv7szgdvc0rp33", "fields": {"session_data": "e30:1qa09I:QLcYW9yXxsRc9ZArxsCw_Wc3iGKOaaSetOf-vuhAF5E", "expire_date": "2023-09-09T20:44:48.757Z"}}, {"model": "sessions.session", "pk": "kq6q5c6oqfw1tnlo2f26grvqk79xmycf", "fields": {"session_data": ".eJxVjEEOwiAQRe_C2pABOnR06b5nIAMMtmpoUtqV8e7apAvd_vfef6nA2zqGrckSpqwuyqjT7xY5PaTuIN-53mad5rouU9S7og_a9DBneV4P9-9g5DZ-a8sdAfg-OWIQ0wOBRSql5IjZiiPLJN5JQt-dPYFHtOR606UIyKWo9wfBEzcW:1qqpGM:gV0inCQ_4k6tAINOvd_TcZdAClF9ANB6kpegq2AuYng", "expire_date": "2023-10-26T06:33:38.344Z"}}, {"model": "sessions.session", "pk": "lam5v8b6x207dnbys80plh7vqv7jkiwe", "fields": {"session_data": ".eJxVjEEOwiAQRe_C2pABOnR06b5nIAMMtmpoUtqV8e7apAvd_vfef6nA2zqGrckSpqwuyqjT7xY5PaTuIN-53mad5rouU9S7og_a9DBneV4P9-9g5DZ-a8sdAfg-OWIQ0wOBRSql5IjZiiPLJN5JQt-dPYFHtOR606UIyKWo9wfBEzcW:1qcs4Q:uhIJZ9VA7lxvF3VmUiUEMaLJXkvL_plCKVHyYP0JVrM", "expire_date": "2023-09-17T18:43:38.184Z"}}, {"model": "sessions.session", "pk": "lffkneumugoad7l4y4k8pyt5hq0prf3d", "fields": {"session_data": ".eJxVjEEOwiAQRe_C2pABOnR06b5nIAMMtmpoUtqV8e7apAvd_vfef6nA2zqGrckSpqwuyqjT7xY5PaTuIN-53mad5rouU9S7og_a9DBneV4P9-9g5DZ-a8sdAfg-OWIQ0wOBRSql5IjZiiPLJN5JQt-dPYFHtOR606UIyKWo9wfBEzcW:1qdv0r:EnJTGUcjHQZ9ZGDcxtkfcpKDgL-gOAbfmCbksTWBlec", "expire_date": "2023-09-20T16:04:17.249Z"}}, {"model": "sessions.session", "pk": "qhmf5udno9iojzsrj2y7rlsmi4l19b6q", "fields": {"session_data": ".eJxVjEEOwiAQRe_C2pABOnR06b5nIAMMtmpoUtqV8e7apAvd_vfef6nA2zqGrckSpqwuyqjT7xY5PaTuIN-53mad5rouU9S7og_a9DBneV4P9-9g5DZ-a8sdAfg-OWIQ0wOBRSql5IjZiiPLJN5JQt-dPYFHtOR606UIyKWo9wfBEzcW:1qexz5:VsuWaRTsJnBjYCgLaiHJbmrHPLTCgRXFTp3AU2Ejutc", "expire_date": "2023-09-23T13:26:47.228Z"}}, {"model": "sessions.session", "pk": "ujg1s2wtlkb9pf4kat5dx63b8yz8smvm", "fields": {"session_data": ".eJxVjEEOwiAQRe_C2pABOnR06b5nIAMMtmpoUtqV8e7apAvd_vfef6nA2zqGrckSpqwuyqjT7xY5PaTuIN-53mad5rouU9S7og_a9DBneV4P9-9g5DZ-a8sdAfg-OWIQ0wOBRSql5IjZiiPLJN5JQt-dPYFHtOR606UIyKWo9wfBEzcW:1qqpgx:7bTKCTas8a6NtPje5dNFf1X9JlMz_l22XL7m3Aja1-w", "expire_date": "2023-10-26T07:01:07.894Z"}}, {"model": "sessions.session", "pk": "w9n2fnfz7zl33zni33c605tn984w4ap2", "fields": {"session_data": ".eJxVjEEOwiAQRe_C2pABOnR06b5nIAMMtmpoUtqV8e7apAvd_vfef6nA2zqGrckSpqwuyqjT7xY5PaTuIN-53mad5rouU9S7og_a9DBneV4P9-9g5DZ-a8sdAfg-OWIQ0wOBRSql5IjZiiPLJN5JQt-dPYFHtOR606UIyKWo9wfBEzcW:1qtW0L:aNHPFYmKfFtxEJZe62gXIJGVnFEf-VKrTlPkYJyrTQE", "expire_date": "2023-11-02T16:36:13.144Z"}}, {"model": "sessions.session", "pk": "wq79bgpz7f09ec8bqa1g6yznhvhd91ef", "fields": {"session_data": ".eJxVjEEOwiAQRe_C2hCgDAWX7j0DmWFAqoYmpV0Z765NutDtf-_9l4i4rTVuPS9xYnEWXpx-N8L0yG0HfMd2m2Wa27pMJHdFHrTL68z5eTncv4OKvX7rjEyBIIECXXTwxg5jcTprmxQPFlkDA5O3LpAjdqiCRjQjsPIlsBHvD-5oOAA:1qdwCK:NNPqd4qVPEq-f3llg6rR-GwQz06F0CW-nZDp6VeAuAM", "expire_date": "2023-09-20T17:20:12.623Z"}}, {"model": "reader.mangatranslation", "pk": 1, "fields": {"language_code": "en", "description": "Dr. Stone is a Japanese manga series written by Riichiro Inagaki and illustrated by Boichi, serialized in Weekly Shōnen Jump since March 6, 2017, with the individual chapters collected and published by Shueisha into ten tankōbon volumes as of April 2019. Shueisha began to simul publish the series in English on the website and app Manga Plus since January 2019.", "master": 1}}, {"model": "reader.mangatranslation", "pk": 2, "fields": {"language_code": "ru", "description": "\"Доктор Стоун\" - японская серия манги, написанная Риитиро Инагаки и проиллюстрированная Бойчи, публикуемая в еженедельнике Shōnen Jump с 6 марта 2017 года, отдельные главы собраны и опубликованы Shueisha в десяти томах танкобон по состоянию на апрель 2019 года. Shueisha начала одновременно публиковать сериал на английском языке на веб-сайте и в приложении Manga Plus с января 2019 года.", "master": 1}}, {"model": "reader.mangatranslation", "pk": 3, "fields": {"language_code": "en", "description": "Attack on Titan (Japanese: 進撃の巨人, Hepburn: Shingeki no Kyojin, lit. 'The Advancing Giant') is a Japanese manga series written and illustrated by Hajime Isayama. It is set in a world where humanity is forced to live in cities surrounded by three enormous walls that protect them from gigantic man-eating humanoids referred to as Titans; the story follows Eren Yeager, who vows to exterminate the Titans after they bring about the destruction of his hometown and the death of his mother. It was serialized in Kodansha's monthly magazine Bessatsu Shōnen Magazine from September 2009 to April 2021, with its chapters collected in 34 tankōbon volumes.", "master": 2}}, {"model": "reader.mangatranslation", "pk": 4, "fields": {"language_code": "ru", "description": "Атака на титана (японское: 進撃の巨人, Хепберн: Сингеки но Кеджин, букв. \"Наступающий гигант\") - японская серия манги, написанная и проиллюстрированная Хадзиме Исаямой. Действие происходит в мире, где человечество вынуждено жить в городах, окруженных тремя огромными стенами, которые защищают их от гигантских гуманоидов-людоедов, называемых титанами; история следует за Эреном Йегером, который клянется уничтожить титанов после того, как они приведут к разрушению его родного города и смерти его матери. Она публиковалась в ежемесячном журнале Kodansha Bessatsu Shōnen Magazine с сентября 2009 по апрель 2021 года, а ее главы были собраны в 34 тома танкобон.", "master": 2}}, {"model": "reader.manga", "pk": 1, "fields": {"name": "Dr Stone", "slug": "dr_stone", "poster": "manga_poster/61rB0Bpil3L._AC_UF8941000_QL80_.jpg", "created": "2023-09-07T17:59:40.571Z"}}, {"model": "reader.manga", "pk": 2, "fields": {"name": "Attack on titan", "slug": "attack_on_titan", "poster": "manga_poster/загрузка.jpg", "created": "2023-09-07T18:02:52.885Z"}}, {"model": "reader.chapter", "pk": 25, "fields": {"name": "chapter-225", "chapter_number": 225.0, "manga": 1, "likes": []}}, {"model": "reader.chapter", "pk": 35, "fields": {"name": "chapter-1-stone-world", "chapter_number": 1.0, "manga": 1, "likes": [8, 1]}}, {"model": "reader.chapter", "pk": 36, "fields": {"name": "chapter-2-fantsy-vs-science", "chapter_number": 2.0, "manga": 1, "likes": [1]}}, {"model": "reader.chapter", "pk": 37, "fields": {"name": "chapter-3-king-of-the-stone-world", "chapter_number": 3.0, "manga": 1, "likes": []}}, {"model": "reader.chapter", "pk": 38, "fields": {"name": "chapter-4-the-pure-white-seashell", "chapter_number": 4.0, "manga": 1, "likes": []}}, {"model": "reader.chapter", "pk": 39, "fields": {"name": "chapter-5-yuzuriha", "chapter_number": 5.0, "manga": 1, "likes": [1]}}, {"model": "reader.chapter", "pk": 40, "fields": {"name": "chapter-6-taiju-vs-tsukasa", "chapter_number": 6.0, "manga": 1, "likes": []}}, {"model": "reader.chapter", "pk": 41, "fields": {"name": "chapter-7-the-gunpowder-adventure", "chapter_number": 7.0, "manga": 1, "likes": [1]}}, {"model": "reader.chapter", "pk": 42, "fields": {"name": "chapter-8", "chapter_number": 8.0, "manga": 1, "likes": []}}, {"model": "reader.chapter", "pk": 43, "fields": {"name": "chapter-8-5-jump-giga-extra", "chapter_number": 8.5, "manga": 1, "likes": [1]}}, {"model": "reader.chapter", "pk": 44, "fields": {"name": "chapter-9-senkuu-vs-tsukasa", "chapter_number": 9.0, "manga": 1, "likes": []}}, {"model": "reader.chapter", "pk": 45, "fields": {"name": "chapter-10-the-science-gang", "chapter_number": 10.0, "manga": 1, "likes": []}}, {"model": "reader.chapter", "pk": 46, "fields": {"name": "chapter-11-a-weapon-of-science", "chapter_number": 11.0, "manga": 1, "likes": []}}, {"model": "reader.chapter", "pk": 47, "fields": {"name": "chapter-12-epilogue-of-prologue", "chapter_number": 12.0, "manga": 1, "likes": []}}, {"model": "reader.chapter", "pk": 48, "fields": {"name": "chapter-13-stone-world-the-beginning", "chapter_number": 13.0, "manga": 1, "likes": []}}, {"model": "reader.chapter", "pk": 49, "fields": {"name": "chapter-14-things-believed-in", "chapter_number": 14.0, "manga": 1, "likes": []}}, {"model": "reader.chapter", "pk": 50, "fields": {"name": "chapter-15-the-two-countries-of-the-stone-world", "chapter_number": 15.0, "manga": 1, "likes": []}}, {"model": "reader.chapter", "pk": 51, "fields": {"name": "chapter-16-kohaku", "chapter_number": 16.0, "manga": 1, "likes": []}}, {"model": "reader.chapter", "pk": 52, "fields": {"name": "chapter-17-a-bad-face", "chapter_number": 17.0, "manga": 1, "likes": []}}, {"model": "reader.chapter", "pk": 53, "fields": {"name": "chapter-18-sorcery-showdown", "chapter_number": 18.0, "manga": 1, "likes": []}}, {"model": "reader.chapter", "pk": 54, "fields": {"name": "chapter-19-the-location-of-2000000-years", "chapter_number": 19.0, "manga": 1, "likes": []}}, {"model": "reader.chapter", "pk": 55, "fields": {"name": "chapter-20-stone-road", "chapter_number": 20.0, "manga": 1, "likes": []}}, {"model": "reader.chapter", "pk": 56, "fields": {"name": "chapter-21-the-dawn-of-iron", "chapter_number": 21.0, "manga": 1, "likes": []}}, {"model": "reader.chapter", "pk": 57, "fields": {"name": "chapter-22-survival-gourmet", "chapter_number": 22.0, "manga": 1, "likes": []}}, {"model": "reader.chapter", "pk": 58, "fields": {"name": "chapter-23-smooth-talking-guy", "chapter_number": 23.0, "manga": 1, "likes": []}}, {"model": "reader.chapter", "pk": 59, "fields": {"name": "chapter-24-lightning-speed", "chapter_number": 24.0, "manga": 1, "likes": []}}, {"model": "reader.chapter", "pk": 60, "fields": {"name": "chapter-25-with-this-hand-the-light-of-science", "chapter_number": 25.0, "manga": 1, "likes": []}}, {"model": "reader.chapter", "pk": 61, "fields": {"name": "chapter-26-a-shallow-alliance", "chapter_number": 26.0, "manga": 1, "likes": []}}, {"model": "reader.chapter", "pk": 62, "fields": {"name": "chapter-27-a-certain-scientists-wish", "chapter_number": 27.0, "manga": 1, "likes": []}}, {"model": "reader.chapter", "pk": 63, "fields": {"name": "chapter-28-clear-world", "chapter_number": 28.0, "manga": 1, "likes": []}}, {"model": "reader.chapter", "pk": 64, "fields": {"name": "chapter-29-senkus-lab", "chapter_number": 29.0, "manga": 1, "likes": []}}, {"model": "reader.chapter", "pk": 65, "fields": {"name": "chapter-30-death-green", "chapter_number": 30.0, "manga": 1, "likes": []}}, {"model": "reader.chapter", "pk": 66, "fields": {"name": "chapter-31-comrades-who-stand-back-to-back", "chapter_number": 31.0, "manga": 1, "likes": []}}, {"model": "reader.chapter", "pk": 67, "fields": {"name": "chapter-32-brain-and-heart", "chapter_number": 32.0, "manga": 1, "likes": []}}, {"model": "reader.chapter", "pk": 68, "fields": {"name": "chapter-33-dangerous-medicine", "chapter_number": 33.0, "manga": 1, "likes": []}}, {"model": "reader.chapter", "pk": 69, "fields": {"name": "chapter-34-schemers-tournament", "chapter_number": 34.0, "manga": 1, "likes": []}}, {"model": "reader.chapter", "pk": 70, "fields": {"name": "chapter-35-masked-man", "chapter_number": 35.0, "manga": 1, "likes": []}}, {"model": "reader.chapter", "pk": 71, "fields": {"name": "chapter-36-kinrou-and-ginrou", "chapter_number": 36.0, "manga": 1, "likes": [1]}}, {"model": "reader.chapter", "pk": 72, "fields": {"name": "chapter-37-the-science-user-chrome", "chapter_number": 37.0, "manga": 1, "likes": []}}, {"model": "reader.chapter", "pk": 73, "fields": {"name": "chapter-38-master-of-flame", "chapter_number": 38.0, "manga": 1, "likes": []}}, {"model": "reader.chapter", "pk": 74, "fields": {"name": "chapter-39-and-the-winner-is", "chapter_number": 39.0, "manga": 1, "likes": []}}, {"model": "reader.chapter", "pk": 75, "fields": {"name": "chapter-40-2-million-years-of-crystallization", "chapter_number": 40.0, "manga": 1, "likes": []}}, {"model": "reader.chapter", "pk": 76, "fields": {"name": "chapter-41-doctor-stone", "chapter_number": 41.0, "manga": 1, "likes": []}}, {"model": "reader.chapter", "pk": 77, "fields": {"name": "chapter-42", "chapter_number": 42.0, "manga": 1, "likes": [1]}}, {"model": "reader.chapter", "pk": 78, "fields": {"name": "chapter-43", "chapter_number": 43.0, "manga": 1, "likes": []}}, {"model": "reader.chapter", "pk": 79, "fields": {"name": "chapter-44", "chapter_number": 44.0, "manga": 1, "likes": []}}, {"model": "reader.chapter", "pk": 80, "fields": {"name": "chapter-45", "chapter_number": 45.0, "manga": 1, "likes": []}}, {"model": "reader.chapter", "pk": 81, "fields": {"name": "chapter-46", "chapter_number": 46.0, "manga": 1, "likes": []}}, {"model": "reader.chapter", "pk": 82, "fields": {"name": "chapter-47", "chapter_number": 47.0, "manga": 1, "likes": []}}, {"model": "reader.chapter", "pk": 83, "fields": {"name": "chapter-48-blade-of-science", "chapter_number": 48.0, "manga": 1, "likes": [1]}}, {"model": "reader.chapter", "pk": 84, "fields": {"name": "chapter-49-and-now-to-the-modern-era", "chapter_number": 49.0, "manga": 1, "likes": []}}, {"model": "reader.chapter", "pk": 85, "fields": {"name": "chapter-50-humanitys-strongest-weapon", "chapter_number": 50.0, "manga": 1, "likes": [1]}}, {"model": "reader.chapter", "pk": 86, "fields": {"name": "chapter-51-sweet-in-the-stone-world", "chapter_number": 51.0, "manga": 1, "likes": [1]}}, {"model": "reader.chapter", "pk": 87, "fields": {"name": "chapter-52-the-age-of-machine-power", "chapter_number": 52.0, "manga": 1, "likes": [1]}}, {"model": "reader.chapter", "pk": 88, "fields": {"name": "chapter-53-spartan-crafting-club", "chapter_number": 53.0, "manga": 1, "likes": [1]}}, {"model": "reader.chapter", "pk": 89, "fields": {"name": "chapter-54-glittering-blue-jewel", "chapter_number": 54.0, "manga": 1, "likes": [1]}}, {"model": "reader.chapter", "pk": 90, "fields": {"name": "chapter-55-treasure-dungeon-push-start", "chapter_number": 55.0, "manga": 1, "likes": [1]}}, {"model": "reader.chapter", "pk": 91, "fields": {"name": "chapter-56-the-treasure", "chapter_number": 56.0, "manga": 1, "likes": [1]}}, {"model": "reader.chapter", "pk": 92, "fields": {"name": "chapter-57-heat-heart", "chapter_number": 57.0, "manga": 1, "likes": []}}, {"model": "reader.chapter", "pk": 93, "fields": {"name": "chapter-58-wave-of-science", "chapter_number": 58.0, "manga": 1, "likes": [1]}}, {"model": "reader.chapter", "pk": 94, "fields": {"name": "chapter-59-a-voice-sent-across-infinity-and-beyond", "chapter_number": 59.0, "manga": 1, "likes": []}}, {"model": "reader.chapter", "pk": 95, "fields": {"name": "chapter-60", "chapter_number": 60.0, "manga": 1, "likes": [1]}}, {"model": "reader.chapter", "pk": 96, "fields": {"name": "chapter-61", "chapter_number": 61.0, "manga": 1, "likes": [1]}}, {"model": "reader.chapter", "pk": 97, "fields": {"name": "chapter-62-double-chase", "chapter_number": 62.0, "manga": 1, "likes": [1]}}, {"model": "reader.chapter", "pk": 98, "fields": {"name": "chapter-63", "chapter_number": 63.0, "manga": 1, "likes": [1]}}, {"model": "reader.chapter", "pk": 99, "fields": {"name": "chapter-64", "chapter_number": 64.0, "manga": 1, "likes": [1]}}, {"model": "reader.chapter", "pk": 100, "fields": {"name": "chapter-65", "chapter_number": 65.0, "manga": 1, "likes": [1]}}, {"model": "reader.chapter", "pk": 101, "fields": {"name": "chapter-66", "chapter_number": 66.0, "manga": 1, "likes": [1]}}, {"model": "reader.chapter", "pk": 102, "fields": {"name": "chapter-67-all-out-offensive", "chapter_number": 67.0, "manga": 1, "likes": [1]}}, {"model": "reader.chapter", "pk": 103, "fields": {"name": "chapter-68", "chapter_number": 68.0, "manga": 1, "likes": []}}, {"model": "reader.chapter", "pk": 104, "fields": {"name": "chapter-69", "chapter_number": 69.0, "manga": 1, "likes": []}}, {"model": "reader.chapter", "pk": 105, "fields": {"name": "chapter-70", "chapter_number": 70.0, "manga": 1, "likes": []}}, {"model": "reader.chapter", "pk": 106, "fields": {"name": "chapter-71", "chapter_number": 71.0, "manga": 1, "likes": []}}, {"model": "reader.chapter", "pk": 107, "fields": {"name": "chapter-72", "chapter_number": 72.0, "manga": 1, "likes": []}}, {"model": "reader.chapter", "pk": 108, "fields": {"name": "chapter-73", "chapter_number": 73.0, "manga": 1, "likes": []}}, {"model": "reader.chapter", "pk": 109, "fields": {"name": "chapter-74", "chapter_number": 74.0, "manga": 1, "likes": []}}, {"model": "reader.chapter", "pk": 110, "fields": {"name": "chapter-75", "chapter_number": 75.0, "manga": 1, "likes": []}}, {"model": "reader.chapter", "pk": 111, "fields": {"name": "chapter-76", "chapter_number": 76.0, "manga": 1, "likes": []}}, {"model": "reader.chapter", "pk": 112, "fields": {"name": "chapter-77", "chapter_number": 77.0, "manga": 1, "likes": []}}, {"model": "reader.chapter", "pk": 113, "fields": {"name": "chapter-78", "chapter_number": 78.0, "manga": 1, "likes": []}}, {"model": "reader.chapter", "pk": 114, "fields": {"name": "chapter-79", "chapter_number": 79.0, "manga": 1, "likes": []}}, {"model": "reader.chapter", "pk": 115, "fields": {"name": "chapter-80", "chapter_number": 80.0, "manga": 1, "likes": []}}, {"model": "reader.chapter", "pk": 116, "fields": {"name": "chapter-81", "chapter_number": 81.0, "manga": 1, "likes": []}}, {"model": "reader.chapter", "pk": 117, "fields": {"name": "chapter-82-epilogue-of-the-stone-wars", "chapter_number": 82.0, "manga": 1, "likes": []}}, {"model": "reader.chapter", "pk": 118, "fields": {"name": "chapter-83-dr-stone", "chapter_number": 83.0, "manga": 1, "likes": []}}, {"model": "reader.chapter", "pk": 119, "fields": {"name": "chapter-84-people-power", "chapter_number": 84.0, "manga": 1, "likes": []}}, {"model": "reader.chapter", "pk": 120, "fields": {"name": "chapter-85-the-king-of-resources", "chapter_number": 85.0, "manga": 1, "likes": []}}, {"model": "reader.chapter", "pk": 121, "fields": {"name": "chapter-86-money", "chapter_number": 86.0, "manga": 1, "likes": []}}, {"model": "reader.chapter", "pk": 122, "fields": {"name": "chapter-87-senku-department-store", "chapter_number": 87.0, "manga": 1, "likes": []}}, {"model": "reader.chapter", "pk": 123, "fields": {"name": "chapter-88-wings-of-man", "chapter_number": 88.0, "manga": 1, "likes": []}}, {"model": "reader.chapter", "pk": 124, "fields": {"name": "chapter-89-the-adventurers", "chapter_number": 89.0, "manga": 1, "likes": []}}, {"model": "reader.chapter", "pk": 125, "fields": {"name": "chapter-90-new-world-map", "chapter_number": 90.0, "manga": 1, "likes": []}}, {"model": "reader.chapter", "pk": 126, "fields": {"name": "chapter-91-z91-if-they-have-no-bread-then-let-them-make-it-from-wheat", "chapter_number": 91.0, "manga": 1, "likes": []}}, {"model": "reader.chapter", "pk": 127, "fields": {"name": "chapter-92-desire-justice", "chapter_number": 92.0, "manga": 1, "likes": []}}, {"model": "reader.chapter", "pk": 128, "fields": {"name": "chapter-93-the-first-shot-of-you", "chapter_number": 93.0, "manga": 1, "likes": []}}, {"model": "reader.chapter", "pk": 129, "fields": {"name": "chapter-94-scent-of-the-black-jewel", "chapter_number": 94.0, "manga": 1, "likes": []}}, {"model": "reader.chapter", "pk": 130, "fields": {"name": "chapter-95-first-contact", "chapter_number": 95.0, "manga": 1, "likes": []}}, {"model": "reader.chapter", "pk": 131, "fields": {"name": "chapter-96-eyes-of-science", "chapter_number": 96.0, "manga": 1, "likes": []}}, {"model": "reader.chapter", "pk": 132, "fields": {"name": "chapter-97-enjoyable-royal-education", "chapter_number": 97.0, "manga": 1, "likes": []}}, {"model": "reader.chapter", "pk": 133, "fields": {"name": "chapter-98-ryusui", "chapter_number": 98.0, "manga": 1, "likes": []}}, {"model": "reader.chapter", "pk": 134, "fields": {"name": "chapter-99-the-kingdom-of-sciences-photo-journal", "chapter_number": 99.0, "manga": 1, "likes": []}}, {"model": "reader.chapter", "pk": 135, "fields": {"name": "chapter-100-the-hundred-stories-beginning", "chapter_number": 100.0, "manga": 1, "likes": []}}, {"model": "reader.chapter", "pk": 136, "fields": {"name": "chapter-101-treasure-box", "chapter_number": 101.0, "manga": 1, "likes": []}}, {"model": "reader.chapter", "pk": 137, "fields": {"name": "chapter-102-science-vessel-perseus", "chapter_number": 102.0, "manga": 1, "likes": []}}, {"model": "reader.chapter", "pk": 138, "fields": {"name": "chapter-103-the-light-of-despair-and-hope", "chapter_number": 103.0, "manga": 1, "likes": []}}, {"model": "reader.chapter", "pk": 139, "fields": {"name": "chapter-104-csi-men", "chapter_number": 104.0, "manga": 1, "likes": []}}, {"model": "reader.chapter", "pk": 140, "fields": {"name": "chapter-105-the-most-beautiful-girl-on-the-island", "chapter_number": 105.0, "manga": 1, "likes": []}}, {"model": "reader.chapter", "pk": 141, "fields": {"name": "chapter-106-the-secret-of-the-petrification", "chapter_number": 106.0, "manga": 1, "likes": []}}, {"model": "reader.chapter", "pk": 142, "fields": {"name": "chapter-107-to-the-trump-card-science-vessel", "chapter_number": 107.0, "manga": 1, "likes": []}}, {"model": "reader.chapter", "pk": 143, "fields": {"name": "chapter-108-the-second-trump-card", "chapter_number": 108.0, "manga": 1, "likes": []}}, {"model": "reader.chapter", "pk": 144, "fields": {"name": "chapter-109-the-great-escape", "chapter_number": 109.0, "manga": 1, "likes": []}}, {"model": "reader.chapter", "pk": 145, "fields": {"name": "chapter-110-beautiful-science", "chapter_number": 110.0, "manga": 1, "likes": []}}, {"model": "reader.chapter", "pk": 146, "fields": {"name": "chapter-111-science-wars", "chapter_number": 111.0, "manga": 1, "likes": []}}, {"model": "reader.chapter", "pk": 147, "fields": {"name": "chapter-112-3-d-champion", "chapter_number": 112.0, "manga": 1, "likes": []}}, {"model": "reader.chapter", "pk": 148, "fields": {"name": "chapter-113-the-science-of-encoded-communication", "chapter_number": 113.0, "manga": 1, "likes": []}}, {"model": "reader.chapter", "pk": 149, "fields": {"name": "chapter-114-as-science-silently-bores-through-stone", "chapter_number": 114.0, "manga": 1, "likes": []}}, {"model": "reader.chapter", "pk": 150, "fields": {"name": "chapter-115-one-second-and-one-grain", "chapter_number": 115.0, "manga": 1, "likes": []}}, {"model": "reader.chapter", "pk": 151, "fields": {"name": "chapter-116-miracle-in-your-hands", "chapter_number": 116.0, "manga": 1, "likes": []}}, {"model": "reader.chapter", "pk": 152, "fields": {"name": "chapter-117-kingdom-of-sciences-counterattack", "chapter_number": 117.0, "manga": 1, "likes": []}}, {"model": "reader.chapter", "pk": 153, "fields": {"name": "chapter-118-silent-soldiers", "chapter_number": 118.0, "manga": 1, "likes": []}}, {"model": "reader.chapter", "pk": 154, "fields": {"name": "chapter-119-science-soldiers", "chapter_number": 119.0, "manga": 1, "likes": []}}, {"model": "reader.chapter", "pk": 155, "fields": {"name": "chapter-120-top-secret", "chapter_number": 120.0, "manga": 1, "likes": []}}, {"model": "reader.chapter", "pk": 156, "fields": {"name": "chapter-121-the-true-face-of-medusa", "chapter_number": 121.0, "manga": 1, "likes": []}}, {"model": "reader.chapter", "pk": 157, "fields": {"name": "chapter-122-the-battle-of-wits-puzzle-pieces", "chapter_number": 122.0, "manga": 1, "likes": []}}, {"model": "reader.chapter", "pk": 158, "fields": {"name": "chapter-123-the-battle-of-wits-deal-game", "chapter_number": 123.0, "manga": 1, "likes": []}}, {"model": "reader.chapter", "pk": 159, "fields": {"name": "chapter-124-the-invention-of-god-and-the-devil", "chapter_number": 124.0, "manga": 1, "likes": []}}, {"model": "reader.chapter", "pk": 160, "fields": {"name": "chapter-125-the-decisive-three-dimensional-battle", "chapter_number": 125.0, "manga": 1, "likes": []}}, {"model": "reader.chapter", "pk": 161, "fields": {"name": "chapter-126-three-dimensional-strategy", "chapter_number": 126.0, "manga": 1, "likes": []}}, {"model": "reader.chapter", "pk": 162, "fields": {"name": "chapter-127-medusa-perseus", "chapter_number": 127.0, "manga": 1, "likes": []}}, {"model": "reader.chapter", "pk": 163, "fields": {"name": "chapter-128-all-out-battle-royal", "chapter_number": 128.0, "manga": 1, "likes": []}}, {"model": "reader.chapter", "pk": 164, "fields": {"name": "chapter-129-joker", "chapter_number": 129.0, "manga": 1, "likes": []}}, {"model": "reader.chapter", "pk": 165, "fields": {"name": "chapter-130-the-devils-choice", "chapter_number": 130.0, "manga": 1, "likes": []}}, {"model": "reader.chapter", "pk": 166, "fields": {"name": "chapter-131-a-bad-crime", "chapter_number": 131.0, "manga": 1, "likes": []}}, {"model": "reader.chapter", "pk": 167, "fields": {"name": "chapter-132-the-strongest-weapon", "chapter_number": 132.0, "manga": 1, "likes": []}}, {"model": "reader.chapter", "pk": 168, "fields": {"name": "chapter-133-the-gleam-of-annihilation", "chapter_number": 133.0, "manga": 1, "likes": []}}, {"model": "reader.chapter", "pk": 169, "fields": {"name": "chapter-134", "chapter_number": 134.0, "manga": 1, "likes": []}}, {"model": "reader.chapter", "pk": 170, "fields": {"name": "chapter-135", "chapter_number": 135.0, "manga": 1, "likes": []}}, {"model": "reader.chapter", "pk": 171, "fields": {"name": "chapter-136", "chapter_number": 136.0, "manga": 1, "likes": []}}, {"model": "reader.chapter", "pk": 172, "fields": {"name": "chapter-137", "chapter_number": 137.0, "manga": 1, "likes": []}}, {"model": "reader.chapter", "pk": 173, "fields": {"name": "chapter-138-z-138", "chapter_number": 138.0, "manga": 1, "likes": []}}, {"model": "reader.chapter", "pk": 174, "fields": {"name": "chapter-139-z-139", "chapter_number": 139.0, "manga": 1, "likes": []}}, {"model": "reader.chapter", "pk": 175, "fields": {"name": "chapter-140-z-140", "chapter_number": 140.0, "manga": 1, "likes": []}}, {"model": "reader.chapter", "pk": 176, "fields": {"name": "chapter-141-z-141", "chapter_number": 141.0, "manga": 1, "likes": []}}, {"model": "reader.chapter", "pk": 177, "fields": {"name": "chapter-142", "chapter_number": 142.0, "manga": 1, "likes": []}}, {"model": "reader.chapter", "pk": 178, "fields": {"name": "chapter-143", "chapter_number": 143.0, "manga": 1, "likes": []}}, {"model": "reader.chapter", "pk": 179, "fields": {"name": "chapter-144", "chapter_number": 144.0, "manga": 1, "likes": []}}, {"model": "reader.chapter", "pk": 180, "fields": {"name": "chapter-145", "chapter_number": 145.0, "manga": 1, "likes": []}}, {"model": "reader.chapter", "pk": 181, "fields": {"name": "chapter-146", "chapter_number": 146.0, "manga": 1, "likes": []}}, {"model": "reader.chapter", "pk": 182, "fields": {"name": "chapter-147", "chapter_number": 147.0, "manga": 1, "likes": []}}, {"model": "reader.chapter", "pk": 183, "fields": {"name": "chapter-148", "chapter_number": 148.0, "manga": 1, "likes": []}}, {"model": "reader.chapter", "pk": 184, "fields": {"name": "chapter-149", "chapter_number": 149.0, "manga": 1, "likes": []}}, {"model": "reader.chapter", "pk": 185, "fields": {"name": "chapter-150", "chapter_number": 150.0, "manga": 1, "likes": []}}, {"model": "reader.chapter", "pk": 186, "fields": {"name": "chapter-151", "chapter_number": 151.0, "manga": 1, "likes": []}}, {"model": "reader.chapter", "pk": 187, "fields": {"name": "chapter-152", "chapter_number": 152.0, "manga": 1, "likes": []}}, {"model": "reader.chapter", "pk": 188, "fields": {"name": "chapter-154", "chapter_number": 154.0, "manga": 1, "likes": []}}, {"model": "reader.chapter", "pk": 189, "fields": {"name": "chapter-155", "chapter_number": 155.0, "manga": 1, "likes": []}}, {"model": "reader.chapter", "pk": 190, "fields": {"name": "chapter-156", "chapter_number": 156.0, "manga": 1, "likes": []}}, {"model": "reader.chapter", "pk": 191, "fields": {"name": "chapter-157", "chapter_number": 157.0, "manga": 1, "likes": []}}, {"model": "reader.chapter", "pk": 192, "fields": {"name": "chapter-158", "chapter_number": 158.0, "manga": 1, "likes": []}}, {"model": "reader.chapter", "pk": 193, "fields": {"name": "chapter-159", "chapter_number": 159.0, "manga": 1, "likes": []}}, {"model": "reader.chapter", "pk": 194, "fields": {"name": "chapter-160", "chapter_number": 160.0, "manga": 1, "likes": []}}, {"model": "reader.chapter", "pk": 195, "fields": {"name": "chapter-161", "chapter_number": 161.0, "manga": 1, "likes": []}}, {"model": "reader.chapter", "pk": 196, "fields": {"name": "chapter-162", "chapter_number": 162.0, "manga": 1, "likes": []}}, {"model": "reader.chapter", "pk": 197, "fields": {"name": "chapter-163", "chapter_number": 163.0, "manga": 1, "likes": []}}, {"model": "reader.chapter", "pk": 198, "fields": {"name": "chapter-164", "chapter_number": 164.0, "manga": 1, "likes": []}}, {"model": "reader.chapter", "pk": 199, "fields": {"name": "chapter-165", "chapter_number": 165.0, "manga": 1, "likes": []}}, {"model": "reader.chapter", "pk": 200, "fields": {"name": "chapter-166", "chapter_number": 166.0, "manga": 1, "likes": []}}, {"model": "reader.chapter", "pk": 201, "fields": {"name": "chapter-167", "chapter_number": 167.0, "manga": 1, "likes": []}}, {"model": "reader.chapter", "pk": 202, "fields": {"name": "chapter-168", "chapter_number": 168.0, "manga": 1, "likes": []}}, {"model": "reader.chapter", "pk": 203, "fields": {"name": "chapter-169", "chapter_number": 169.0, "manga": 1, "likes": []}}, {"model": "reader.chapter", "pk": 204, "fields": {"name": "chapter-170", "chapter_number": 170.0, "manga": 1, "likes": []}}, {"model": "reader.chapter", "pk": 205, "fields": {"name": "chapter-171", "chapter_number": 171.0, "manga": 1, "likes": []}}, {"model": "reader.chapter", "pk": 206, "fields": {"name": "chapter-172", "chapter_number": 172.0, "manga": 1, "likes": []}}, {"model": "reader.chapter", "pk": 207, "fields": {"name": "chapter-173", "chapter_number": 173.0, "manga": 1, "likes": [1]}}, {"model": "reader.chapter", "pk": 208, "fields": {"name": "chapter-174", "chapter_number": 174.0, "manga": 1, "likes": []}}, {"model": "reader.chapter", "pk": 209, "fields": {"name": "chapter-175", "chapter_number": 175.0, "manga": 1, "likes": []}}, {"model": "reader.chapter", "pk": 210, "fields": {"name": "chapter-176", "chapter_number": 176.0, "manga": 1, "likes": []}}, {"model": "reader.chapter", "pk": 211, "fields": {"name": "chapter-177", "chapter_number": 177.0, "manga": 1, "likes": []}}, {"model": "reader.chapter", "pk": 212, "fields": {"name": "chapter-178", "chapter_number": 178.0, "manga": 1, "likes": []}}, {"model": "reader.chapter", "pk": 213, "fields": {"name": "chapter-179", "chapter_number": 179.0, "manga": 1, "likes": []}}, {"model": "reader.chapter", "pk": 214, "fields": {"name": "chapter-180", "chapter_number": 180.0, "manga": 1, "likes": []}}, {"model": "reader.chapter", "pk": 215, "fields": {"name": "chapter-181", "chapter_number": 181.0, "manga": 1, "likes": []}}, {"model": "reader.chapter", "pk": 216, "fields": {"name": "chapter-182", "chapter_number": 182.0, "manga": 1, "likes": []}}, {"model": "reader.chapter", "pk": 217, "fields": {"name": "chapter-183", "chapter_number": 183.0, "manga": 1, "likes": []}}, {"model": "reader.chapter", "pk": 218, "fields": {"name": "chapter-184", "chapter_number": 184.0, "manga": 1, "likes": []}}, {"model": "reader.chapter", "pk": 219, "fields": {"name": "chapter-185", "chapter_number": 185.0, "manga": 1, "likes": []}}, {"model": "reader.chapter", "pk": 220, "fields": {"name": "chapter-186", "chapter_number": 186.0, "manga": 1, "likes": []}}, {"model": "reader.chapter", "pk": 221, "fields": {"name": "chapter-187", "chapter_number": 187.0, "manga": 1, "likes": []}}, {"model": "reader.chapter", "pk": 222, "fields": {"name": "chapter-188", "chapter_number": 188.0, "manga": 1, "likes": []}}, {"model": "reader.chapter", "pk": 223, "fields": {"name": "chapter-189", "chapter_number": 189.0, "manga": 1, "likes": []}}, {"model": "reader.chapter", "pk": 224, "fields": {"name": "chapter-190", "chapter_number": 190.0, "manga": 1, "likes": []}}, {"model": "reader.chapter", "pk": 225, "fields": {"name": "chapter-191", "chapter_number": 191.0, "manga": 1, "likes": []}}, {"model": "reader.chapter", "pk": 226, "fields": {"name": "chapter-192", "chapter_number": 192.0, "manga": 1, "likes": []}}, {"model": "reader.chapter", "pk": 227, "fields": {"name": "chapter-193", "chapter_number": 193.0, "manga": 1, "likes": []}}, {"model": "reader.chapter", "pk": 228, "fields": {"name": "chapter-194", "chapter_number": 194.0, "manga": 1, "likes": []}}, {"model": "reader.chapter", "pk": 229, "fields": {"name": "chapter-195", "chapter_number": 195.0, "manga": 1, "likes": []}}, {"model": "reader.chapter", "pk": 230, "fields": {"name": "chapter-196", "chapter_number": 196.0, "manga": 1, "likes": []}}, {"model": "reader.chapter", "pk": 231, "fields": {"name": "chapter-197", "chapter_number": 197.0, "manga": 1, "likes": []}}, {"model": "reader.chapter", "pk": 232, "fields": {"name": "chapter-198", "chapter_number": 198.0, "manga": 1, "likes": []}}, {"model": "reader.chapter", "pk": 233, "fields": {"name": "chapter-199", "chapter_number": 199.0, "manga": 1, "likes": []}}, {"model": "reader.chapter", "pk": 234, "fields": {"name": "chapter-200", "chapter_number": 200.0, "manga": 1, "likes": []}}, {"model": "reader.chapter", "pk": 235, "fields": {"name": "chapter-201", "chapter_number": 201.0, "manga": 1, "likes": []}}, {"model": "reader.chapter", "pk": 236, "fields": {"name": "chapter-202", "chapter_number": 202.0, "manga": 1, "likes": []}}, {"model": "reader.chapter", "pk": 237, "fields": {"name": "chapter-203", "chapter_number": 203.0, "manga": 1, "likes": []}}, {"model": "reader.chapter", "pk": 238, "fields": {"name": "chapter-204", "chapter_number": 204.0, "manga": 1, "likes": []}}, {"model": "reader.chapter", "pk": 239, "fields": {"name": "chapter-205", "chapter_number": 205.0, "manga": 1, "likes": []}}, {"model": "reader.chapter", "pk": 240, "fields": {"name": "chapter-206", "chapter_number": 206.0, "manga": 1, "likes": []}}, {"model": "reader.chapter", "pk": 241, "fields": {"name": "chapter-207", "chapter_number": 207.0, "manga": 1, "likes": []}}, {"model": "reader.chapter", "pk": 242, "fields": {"name": "chapter-208", "chapter_number": 208.0, "manga": 1, "likes": []}}, {"model": "reader.chapter", "pk": 243, "fields": {"name": "chapter-209", "chapter_number": 209.0, "manga": 1, "likes": []}}, {"model": "reader.chapter", "pk": 244, "fields": {"name": "chapter-210", "chapter_number": 210.0, "manga": 1, "likes": []}}, {"model": "reader.chapter", "pk": 245, "fields": {"name": "chapter-211", "chapter_number": 211.0, "manga": 1, "likes": []}}, {"model": "reader.chapter", "pk": 246, "fields": {"name": "chapter-212", "chapter_number": 212.0, "manga": 1, "likes": []}}, {"model": "reader.chapter", "pk": 247, "fields": {"name": "chapter-213", "chapter_number": 213.0, "manga": 1, "likes": []}}, {"model": "reader.chapter", "pk": 248, "fields": {"name": "chapter-214", "chapter_number": 214.0, "manga": 1, "likes": []}}, {"model": "reader.chapter", "pk": 249, "fields": {"name": "chapter-215", "chapter_number": 215.0, "manga": 1, "likes": []}}, {"model": "reader.chapter", "pk": 250, "fields": {"name": "chapter-216", "chapter_number": 216.0, "manga": 1, "likes": []}}, {"model": "reader.chapter", "pk": 251, "fields": {"name": "chapter-217", "chapter_number": 217.0, "manga": 1, "likes": []}}, {"model": "reader.chapter", "pk": 252, "fields": {"name": "chapter-218", "chapter_number": 218.0, "manga": 1, "likes": []}}, {"model": "reader.chapter", "pk": 253, "fields": {"name": "chapter-219", "chapter_number": 219.0, "manga": 1, "likes": []}}, {"model": "reader.chapter", "pk": 254, "fields": {"name": "chapter-220", "chapter_number": 220.0, "manga": 1, "likes": []}}, {"model": "reader.chapter", "pk": 255, "fields": {"name": "chapter-221", "chapter_number": 221.0, "manga": 1, "likes": []}}, {"model": "reader.chapter", "pk": 256, "fields": {"name": "chapter-222", "chapter_number": 222.0, "manga": 1, "likes": []}}, {"model": "reader.chapter", "pk": 257, "fields": {"name": "chapter-223", "chapter_number": 223.0, "manga": 1, "likes": []}}, {"model": "reader.chapter", "pk": 258, "fields": {"name": "chapter-224", "chapter_number": 224.0, "manga": 1, "likes": []}}, {"model": "reader.chapter", "pk": 260, "fields": {"name": "chapter-226", "chapter_number": 226.0, "manga": 1, "likes": []}}, {"model": "reader.chapter", "pk": 261, "fields": {"name": "chapter-227", "chapter_number": 227.0, "manga": 1, "likes": []}}, {"model": "reader.chapter", "pk": 262, "fields": {"name": "chapter-228", "chapter_number": 228.0, "manga": 1, "likes": []}}, {"model": "reader.chapter", "pk": 263, "fields": {"name": "chapter-229", "chapter_number": 229.0, "manga": 1, "likes": []}}, {"model": "reader.chapter", "pk": 264, "fields": {"name": "chapter-230", "chapter_number": 230.0, "manga": 1, "likes": []}}, {"model": "reader.chapter", "pk": 265, "fields": {"name": "chapter-231", "chapter_number": 231.0, "manga": 1, "likes": []}}, {"model": "reader.chapter", "pk": 266, "fields": {"name": "chapter-232", "chapter_number": 232.0, "manga": 1, "likes": []}}, {"model": "reader.chapter", "pk": 267, "fields": {"name": "chapter-232-5", "chapter_number": 232.5, "manga": 1, "likes": []}}, {"model": "reader.chapter", "pk": 268, "fields": {"name": "chapter-233", "chapter_number": 233.0, "manga": 1, "likes": []}}, {"model": "reader.chapter", "pk": 271, "fields": {"name": "shingeki-no-kyojin-chapter-0", "chapter_number": 0.0, "manga": 2, "likes": []}}, {"model": "reader.chapter", "pk": 273, "fields": {"name": "shingeki-no-kyojin-chapter-001", "chapter_number": 1.0, "manga": 2, "likes": []}}, {"model": "reader.chapter", "pk": 274, "fields": {"name": "shingeki-no-kyojin-chapter-002", "chapter_number": 2.0, "manga": 2, "likes": []}}, {"model": "reader.chapter", "pk": 275, "fields": {"name": "shingeki-no-kyojin-chapter-003", "chapter_number": 3.0, "manga": 2, "likes": []}}, {"model": "reader.chapter", "pk": 276, "fields": {"name": "shingeki-no-kyojin-chapter-004", "chapter_number": 4.0, "manga": 2, "likes": []}}, {"model": "reader.chapter", "pk": 277, "fields": {"name": "shingeki-no-kyojin-chapter-005", "chapter_number": 5.0, "manga": 2, "likes": []}}, {"model": "reader.chapter", "pk": 278, "fields": {"name": "shingeki-no-kyojin-chapter-006", "chapter_number": 6.0, "manga": 2, "likes": []}}, {"model": "reader.chapter", "pk": 279, "fields": {"name": "shingeki-no-kyojin-chapter-007", "chapter_number": 7.0, "manga": 2, "likes": []}}, {"model": "reader.chapter", "pk": 280, "fields": {"name": "shingeki-no-kyojin-chapter-008", "chapter_number": 8.0, "manga": 2, "likes": []}}, {"model": "reader.chapter", "pk": 281, "fields": {"name": "shingeki-no-kyojin-chapter-009", "chapter_number": 9.0, "manga": 2, "likes": [1]}}, {"model": "reader.chapter", "pk": 282, "fields": {"name": "shingeki-no-kyojin-chapter-9-5", "chapter_number": 9.5, "manga": 2, "likes": [1]}}, {"model": "reader.chapter", "pk": 283, "fields": {"name": "shingeki-no-kyojin-chapter-010", "chapter_number": 10.0, "manga": 2, "likes": []}}, {"model": "reader.chapter", "pk": 284, "fields": {"name": "shingeki-no-kyojin-chapter-011", "chapter_number": 11.0, "manga": 2, "likes": []}}, {"model": "reader.chapter", "pk": 285, "fields": {"name": "shingeki-no-kyojin-chapter-012", "chapter_number": 12.0, "manga": 2, "likes": []}}, {"model": "reader.chapter", "pk": 286, "fields": {"name": "shingeki-no-kyojin-chapter-013", "chapter_number": 13.0, "manga": 2, "likes": []}}, {"model": "reader.chapter", "pk": 287, "fields": {"name": "shingeki-no-kyojin-chapter-014", "chapter_number": 14.0, "manga": 2, "likes": []}}, {"model": "reader.chapter", "pk": 288, "fields": {"name": "shingeki-no-kyojin-chapter-015", "chapter_number": 15.0, "manga": 2, "likes": []}}, {"model": "reader.chapter", "pk": 289, "fields": {"name": "shingeki-no-kyojin-chapter-016", "chapter_number": 16.0, "manga": 2, "likes": []}}, {"model": "reader.chapter", "pk": 290, "fields": {"name": "shingeki-no-kyojin-chapter-017", "chapter_number": 17.0, "manga": 2, "likes": [1]}}, {"model": "reader.chapter", "pk": 291, "fields": {"name": "shingeki-no-kyojin-chapter-018", "chapter_number": 18.0, "manga": 2, "likes": []}}, {"model": "reader.chapter", "pk": 292, "fields": {"name": "shingeki-no-kyojin-chapter-18-5", "chapter_number": 18.5, "manga": 2, "likes": [1]}}, {"model": "reader.chapter", "pk": 293, "fields": {"name": "shingeki-no-kyojin-chapter-019", "chapter_number": 19.0, "manga": 2, "likes": []}}, {"model": "reader.chapter", "pk": 294, "fields": {"name": "shingeki-no-kyojin-chapter-020", "chapter_number": 20.0, "manga": 2, "likes": []}}, {"model": "reader.chapter", "pk": 295, "fields": {"name": "shingeki-no-kyojin-chapter-021", "chapter_number": 21.0, "manga": 2, "likes": []}}, {"model": "reader.chapter", "pk": 296, "fields": {"name": "shingeki-no-kyojin-chapter-022", "chapter_number": 22.0, "manga": 2, "likes": []}}, {"model": "reader.chapter", "pk": 297, "fields": {"name": "shingeki-no-kyojin-chapter-023", "chapter_number": 23.0, "manga": 2, "likes": []}}, {"model": "reader.chapter", "pk": 298, "fields": {"name": "shingeki-no-kyojin-chapter-024", "chapter_number": 24.0, "manga": 2, "likes": []}}, {"model": "reader.chapter", "pk": 299, "fields": {"name": "shingeki-no-kyojin-chapter-025", "chapter_number": 25.0, "manga": 2, "likes": [1]}}, {"model": "reader.chapter", "pk": 300, "fields": {"name": "shingeki-no-kyojin-chapter-026", "chapter_number": 26.0, "manga": 2, "likes": []}}, {"model": "reader.chapter", "pk": 301, "fields": {"name": "shingeki-no-kyojin-chapter-027", "chapter_number": 27.0, "manga": 2, "likes": []}}, {"model": "reader.chapter", "pk": 302, "fields": {"name": "shingeki-no-kyojin-chapter-028", "chapter_number": 28.0, "manga": 2, "likes": []}}, {"model": "reader.chapter", "pk": 303, "fields": {"name": "shingeki-no-kyojin-chapter-029", "chapter_number": 29.0, "manga": 2, "likes": []}}, {"model": "reader.chapter", "pk": 304, "fields": {"name": "shingeki-no-kyojin-chapter-030", "chapter_number": 30.0, "manga": 2, "likes": []}}, {"model": "reader.chapter", "pk": 305, "fields": {"name": "shingeki-no-kyojin-chapter-031", "chapter_number": 31.0, "manga": 2, "likes": []}}, {"model": "reader.chapter", "pk": 306, "fields": {"name": "shingeki-no-kyojin-chapter-032", "chapter_number": 32.0, "manga": 2, "likes": []}}, {"model": "reader.chapter", "pk": 307, "fields": {"name": "shingeki-no-kyojin-chapter-033", "chapter_number": 33.0, "manga": 2, "likes": []}}, {"model": "reader.chapter", "pk": 308, "fields": {"name": "shingeki-no-kyojin-chapter-034", "chapter_number": 34.0, "manga": 2, "likes": []}}, {"model": "reader.chapter", "pk": 309, "fields": {"name": "shingeki-no-kyojin-chapter-035", "chapter_number": 35.0, "manga": 2, "likes": []}}, {"model": "reader.chapter", "pk": 310, "fields": {"name": "shingeki-no-kyojin-chapter-036", "chapter_number": 36.0, "manga": 2, "likes": []}}, {"model": "reader.chapter", "pk": 311, "fields": {"name": "shingeki-no-kyojin-chapter-037", "chapter_number": 37.0, "manga": 2, "likes": []}}, {"model": "reader.chapter", "pk": 312, "fields": {"name": "shingeki-no-kyojin-chapter-038", "chapter_number": 38.0, "manga": 2, "likes": []}}, {"model": "reader.chapter", "pk": 313, "fields": {"name": "shingeki-no-kyojin-chapter-039", "chapter_number": 39.0, "manga": 2, "likes": []}}, {"model": "reader.chapter", "pk": 314, "fields": {"name": "shingeki-no-kyojin-chapter-040", "chapter_number": 40.0, "manga": 2, "likes": []}}, {"model": "reader.chapter", "pk": 315, "fields": {"name": "shingeki-no-kyojin-chapter-041", "chapter_number": 41.0, "manga": 2, "likes": []}}, {"model": "reader.chapter", "pk": 316, "fields": {"name": "shingeki-no-kyojin-chapter-042", "chapter_number": 42.0, "manga": 2, "likes": []}}, {"model": "reader.chapter", "pk": 317, "fields": {"name": "shingeki-no-kyojin-chapter-043", "chapter_number": 43.0, "manga": 2, "likes": []}}, {"model": "reader.chapter", "pk": 318, "fields": {"name": "shingeki-no-kyojin-chapter-044", "chapter_number": 44.0, "manga": 2, "likes": []}}, {"model": "reader.chapter", "pk": 319, "fields": {"name": "shingeki-no-kyojin-chapter-045", "chapter_number": 45.0, "manga": 2, "likes": []}}, {"model": "reader.chapter", "pk": 320, "fields": {"name": "shingeki-no-kyojin-chapter-046", "chapter_number": 46.0, "manga": 2, "likes": []}}, {"model": "reader.chapter", "pk": 321, "fields": {"name": "shingeki-no-kyojin-chapter-047", "chapter_number": 47.0, "manga": 2, "likes": []}}, {"model": "reader.chapter", "pk": 322, "fields": {"name": "shingeki-no-kyojin-chapter-048", "chapter_number": 48.0, "manga": 2, "likes": []}}, {"model": "reader.chapter", "pk": 323, "fields": {"name": "shingeki-no-kyojin-chapter-049", "chapter_number": 49.0, "manga": 2, "likes": []}}, {"model": "reader.chapter", "pk": 324, "fields": {"name": "shingeki-no-kyojin-chapter-050", "chapter_number": 50.0, "manga": 2, "likes": []}}, {"model": "reader.chapter", "pk": 325, "fields": {"name": "shingeki-no-kyojin-chapter-051", "chapter_number": 51.0, "manga": 2, "likes": []}}, {"model": "reader.chapter", "pk": 326, "fields": {"name": "shingeki-no-kyojin-chapter-052", "chapter_number": 52.0, "manga": 2, "likes": []}}, {"model": "reader.chapter", "pk": 327, "fields": {"name": "shingeki-no-kyojin-chapter-053", "chapter_number": 53.0, "manga": 2, "likes": []}}, {"model": "reader.chapter", "pk": 328, "fields": {"name": "shingeki-no-kyojin-chapter-054", "chapter_number": 54.0, "manga": 2, "likes": []}}, {"model": "reader.chapter", "pk": 329, "fields": {"name": "shingeki-no-kyojin-chapter-055", "chapter_number": 55.0, "manga": 2, "likes": []}}, {"model": "reader.chapter", "pk": 330, "fields": {"name": "shingeki-no-kyojin-chapter-056", "chapter_number": 56.0, "manga": 2, "likes": []}}, {"model": "reader.chapter", "pk": 331, "fields": {"name": "shingeki-no-kyojin-chapter-057", "chapter_number": 57.0, "manga": 2, "likes": []}}, {"model": "reader.chapter", "pk": 332, "fields": {"name": "shingeki-no-kyojin-chapter-058", "chapter_number": 58.0, "manga": 2, "likes": []}}, {"model": "reader.chapter", "pk": 333, "fields": {"name": "shingeki-no-kyojin-chapter-059", "chapter_number": 59.0, "manga": 2, "likes": []}}, {"model": "reader.chapter", "pk": 334, "fields": {"name": "shingeki-no-kyojin-chapter-060", "chapter_number": 60.0, "manga": 2, "likes": []}}, {"model": "reader.chapter", "pk": 335, "fields": {"name": "shingeki-no-kyojin-chapter-061", "chapter_number": 61.0, "manga": 2, "likes": []}}, {"model": "reader.chapter", "pk": 336, "fields": {"name": "shingeki-no-kyojin-chapter-062", "chapter_number": 62.0, "manga": 2, "likes": []}}, {"model": "reader.chapter", "pk": 337, "fields": {"name": "shingeki-no-kyojin-chapter-063", "chapter_number": 63.0, "manga": 2, "likes": []}}, {"model": "reader.chapter", "pk": 338, "fields": {"name": "shingeki-no-kyojin-chapter-064", "chapter_number": 64.0, "manga": 2, "likes": [1]}}, {"model": "reader.chapter", "pk": 339, "fields": {"name": "shingeki-no-kyojin-chapter-065", "chapter_number": 65.0, "manga": 2, "likes": []}}, {"model": "reader.chapter", "pk": 340, "fields": {"name": "shingeki-no-kyojin-chapter-066", "chapter_number": 66.0, "manga": 2, "likes": []}}, {"model": "reader.chapter", "pk": 341, "fields": {"name": "shingeki-no-kyojin-chapter-067", "chapter_number": 67.0, "manga": 2, "likes": []}}, {"model": "reader.chapter", "pk": 342, "fields": {"name": "shingeki-no-kyojin-chapter-068", "chapter_number": 68.0, "manga": 2, "likes": []}}, {"model": "reader.chapter", "pk": 343, "fields": {"name": "shingeki-no-kyojin-chapter-069", "chapter_number": 69.0, "manga": 2, "likes": []}}, {"model": "reader.chapter", "pk": 344, "fields": {"name": "shingeki-no-kyojin-chapter-070", "chapter_number": 70.0, "manga": 2, "likes": []}}, {"model": "reader.chapter", "pk": 345, "fields": {"name": "shingeki-no-kyojin-chapter-071", "chapter_number": 71.0, "manga": 2, "likes": []}}, {"model": "reader.chapter", "pk": 346, "fields": {"name": "shingeki-no-kyojin-chapter-072", "chapter_number": 72.0, "manga": 2, "likes": []}}, {"model": "reader.chapter", "pk": 347, "fields": {"name": "shingeki-no-kyojin-chapter-073", "chapter_number": 73.0, "manga": 2, "likes": []}}, {"model": "reader.chapter", "pk": 348, "fields": {"name": "shingeki-no-kyojin-chapter-074", "chapter_number": 74.0, "manga": 2, "likes": []}}, {"model": "reader.chapter", "pk": 349, "fields": {"name": "shingeki-no-kyojin-chapter-075", "chapter_number": 75.0, "manga": 2, "likes": []}}, {"model": "reader.chapter", "pk": 350, "fields": {"name": "shingeki-no-kyojin-chapter-076", "chapter_number": 76.0, "manga": 2, "likes": []}}, {"model": "reader.chapter", "pk": 351, "fields": {"name": "shingeki-no-kyojin-chapter-077", "chapter_number": 77.0, "manga": 2, "likes": []}}, {"model": "reader.chapter", "pk": 352, "fields": {"name": "shingeki-no-kyojin-chapter-078", "chapter_number": 78.0, "manga": 2, "likes": []}}, {"model": "reader.chapter", "pk": 353, "fields": {"name": "shingeki-no-kyojin-chapter-079", "chapter_number": 79.0, "manga": 2, "likes": []}}, {"model": "reader.chapter", "pk": 354, "fields": {"name": "shingeki-no-kyojin-chapter-080", "chapter_number": 80.0, "manga": 2, "likes": []}}, {"model": "reader.chapter", "pk": 355, "fields": {"name": "shingeki-no-kyojin-chapter-081", "chapter_number": 81.0, "manga": 2, "likes": []}}, {"model": "reader.chapter", "pk": 356, "fields": {"name": "shingeki-no-kyojin-chapter-082", "chapter_number": 82.0, "manga": 2, "likes": []}}, {"model": "reader.chapter", "pk": 357, "fields": {"name": "shingeki-no-kyojin-chapter-083", "chapter_number": 83.0, "manga": 2, "likes": []}}, {"model": "reader.chapter", "pk": 358, "fields": {"name": "shingeki-no-kyojin-chapter-084", "chapter_number": 84.0, "manga": 2, "likes": []}}, {"model": "reader.chapter", "pk": 359, "fields": {"name": "shingeki-no-kyojin-chapter-085", "chapter_number": 85.0, "manga": 2, "likes": []}}, {"model": "reader.chapter", "pk": 360, "fields": {"name": "shingeki-no-kyojin-chapter-086", "chapter_number": 86.0, "manga": 2, "likes": []}}, {"model": "reader.chapter", "pk": 361, "fields": {"name": "shingeki-no-kyojin-chapter-087", "chapter_number": 87.0, "manga": 2, "likes": []}}, {"model": "reader.chapter", "pk": 362, "fields": {"name": "shingeki-no-kyojin-chapter-088", "chapter_number": 88.0, "manga": 2, "likes": [1]}}, {"model": "reader.chapter", "pk": 363, "fields": {"name": "shingeki-no-kyojin-chapter-089", "chapter_number": 89.0, "manga": 2, "likes": []}}, {"model": "reader.chapter", "pk": 364, "fields": {"name": "shingeki-no-kyojin-chapter-090", "chapter_number": 90.0, "manga": 2, "likes": []}}, {"model": "reader.chapter", "pk": 365, "fields": {"name": "shingeki-no-kyojin-chapter-091", "chapter_number": 91.0, "manga": 2, "likes": []}}, {"model": "reader.chapter", "pk": 366, "fields": {"name": "shingeki-no-kyojin-chapter-092", "chapter_number": 92.0, "manga": 2, "likes": []}}, {"model": "reader.chapter", "pk": 367, "fields": {"name": "shingeki-no-kyojin-chapter-093", "chapter_number": 93.0, "manga": 2, "likes": []}}, {"model": "reader.chapter", "pk": 368, "fields": {"name": "shingeki-no-kyojin-chapter-094", "chapter_number": 94.0, "manga": 2, "likes": []}}, {"model": "reader.chapter", "pk": 369, "fields": {"name": "shingeki-no-kyojin-chapter-095", "chapter_number": 95.0, "manga": 2, "likes": []}}, {"model": "reader.chapter", "pk": 370, "fields": {"name": "shingeki-no-kyojin-chapter-096", "chapter_number": 96.0, "manga": 2, "likes": []}}, {"model": "reader.chapter", "pk": 371, "fields": {"name": "shingeki-no-kyojin-chapter-097", "chapter_number": 97.0, "manga": 2, "likes": []}}, {"model": "reader.chapter", "pk": 372, "fields": {"name": "shingeki-no-kyojin-chapter-098", "chapter_number": 98.0, "manga": 2, "likes": []}}, {"model": "reader.chapter", "pk": 373, "fields": {"name": "shingeki-no-kyojin-chapter-099", "chapter_number": 99.0, "manga": 2, "likes": []}}, {"model": "reader.chapter", "pk": 374, "fields": {"name": "shingeki-no-kyojin-chapter-100", "chapter_number": 100.0, "manga": 2, "likes": []}}, {"model": "reader.chapter", "pk": 375, "fields": {"name": "shingeki-no-kyojin-chapter-101", "chapter_number": 101.0, "manga": 2, "likes": []}}, {"model": "reader.chapter", "pk": 376, "fields": {"name": "shingeki-no-kyojin-chapter-102", "chapter_number": 102.0, "manga": 2, "likes": []}}, {"model": "reader.chapter", "pk": 377, "fields": {"name": "shingeki-no-kyojin-chapter-103", "chapter_number": 103.0, "manga": 2, "likes": []}}, {"model": "reader.chapter", "pk": 378, "fields": {"name": "shingeki-no-kyojin-chapter-104", "chapter_number": 104.0, "manga": 2, "likes": []}}, {"model": "reader.chapter", "pk": 379, "fields": {"name": "shingeki-no-kyojin-chapter-105", "chapter_number": 105.0, "manga": 2, "likes": []}}, {"model": "reader.chapter", "pk": 380, "fields": {"name": "shingeki-no-kyojin-chapter-106", "chapter_number": 106.0, "manga": 2, "likes": []}}, {"model": "reader.chapter", "pk": 381, "fields": {"name": "shingeki-no-kyojin-chapter-107", "chapter_number": 107.0, "manga": 2, "likes": []}}, {"model": "reader.chapter", "pk": 382, "fields": {"name": "shingeki-no-kyojin-chapter-108", "chapter_number": 108.0, "manga": 2, "likes": []}}, {"model": "reader.chapter", "pk": 383, "fields": {"name": "shingeki-no-kyojin-chapter-109", "chapter_number": 109.0, "manga": 2, "likes": []}}, {"model": "reader.chapter", "pk": 384, "fields": {"name": "shingeki-no-kyojin-chapter-110", "chapter_number": 110.0, "manga": 2, "likes": []}}, {"model": "reader.chapter", "pk": 385, "fields": {"name": "shingeki-no-kyojin-chapter-111", "chapter_number": 111.0, "manga": 2, "likes": []}}, {"model": "reader.chapter", "pk": 386, "fields": {"name": "shingeki-no-kyojin-chapter-112", "chapter_number": 112.0, "manga": 2, "likes": []}}, {"model": "reader.chapter", "pk": 387, "fields": {"name": "shingeki-no-kyojin-chapter-113", "chapter_number": 113.0, "manga": 2, "likes": []}}, {"model": "reader.chapter", "pk": 388, "fields": {"name": "shingeki-no-kyojin-chapter-114", "chapter_number": 114.0, "manga": 2, "likes": []}}, {"model": "reader.chapter", "pk": 389, "fields": {"name": "shingeki-no-kyojin-chapter-115", "chapter_number": 115.0, "manga": 2, "likes": []}}, {"model": "reader.chapter", "pk": 390, "fields": {"name": "shingeki-no-kyojin-chapter-116", "chapter_number": 116.0, "manga": 2, "likes": []}}, {"model": "reader.chapter", "pk": 391, "fields": {"name": "shingeki-no-kyojin-chapter-117", "chapter_number": 117.0, "manga": 2, "likes": []}}, {"model": "reader.chapter", "pk": 392, "fields": {"name": "shingeki-no-kyojin-chapter-118", "chapter_number": 118.0, "manga": 2, "likes": []}}, {"model": "reader.chapter", "pk": 393, "fields": {"name": "shingeki-no-kyojin-chapter-119", "chapter_number": 119.0, "manga": 2, "likes": []}}, {"model": "reader.chapter", "pk": 394, "fields": {"name": "shingeki-no-kyojin-chapter-120", "chapter_number": 120.0, "manga": 2, "likes": []}}, {"model": "reader.chapter", "pk": 395, "fields": {"name": "shingeki-no-kyojin-chapter-121", "chapter_number": 121.0, "manga": 2, "likes": []}}, {"model": "reader.chapter", "pk": 396, "fields": {"name": "shingeki-no-kyojin-chapter-122", "chapter_number": 122.0, "manga": 2, "likes": []}}, {"model": "reader.chapter", "pk": 397, "fields": {"name": "shingeki-no-kyojin-chapter-123", "chapter_number": 123.0, "manga": 2, "likes": []}}, {"model": "reader.chapter", "pk": 398, "fields": {"name": "shingeki-no-kyojin-chapter-124", "chapter_number": 124.0, "manga": 2, "likes": []}}, {"model": "reader.chapter", "pk": 399, "fields": {"name": "shingeki-no-kyojin-chapter-125", "chapter_number": 125.0, "manga": 2, "likes": []}}, {"model": "reader.chapter", "pk": 400, "fields": {"name": "shingeki-no-kyojin-chapter-126", "chapter_number": 126.0, "manga": 2, "likes": []}}, {"model": "reader.chapter", "pk": 401, "fields": {"name": "shingeki-no-kyojin-chapter-127", "chapter_number": 127.0, "manga": 2, "likes": []}}, {"model": "reader.chapter", "pk": 402, "fields": {"name": "shingeki-no-kyojin-chapter-128", "chapter_number": 128.0, "manga": 2, "likes": []}}, {"model": "reader.chapter", "pk": 403, "fields": {"name": "shingeki-no-kyojin-chapter-129", "chapter_number": 129.0, "manga": 2, "likes": []}}, {"model": "reader.chapter", "pk": 404, "fields": {"name": "shingeki-no-kyojin-chapter-130", "chapter_number": 130.0, "manga": 2, "likes": []}}, {"model": "reader.chapter", "pk": 405, "fields": {"name": "shingeki-no-kyojin-chapter-131", "chapter_number": 131.0, "manga": 2, "likes": []}}, {"model": "reader.chapter", "pk": 406, "fields": {"name": "shingeki-no-kyojin-chapter-132", "chapter_number": 132.0, "manga": 2, "likes": []}}, {"model": "reader.chapter", "pk": 407, "fields": {"name": "shingeki-no-kyojin-chapter-133", "chapter_number": 133.0, "manga": 2, "likes": []}}, {"model": "reader.chapter", "pk": 408, "fields": {"name": "shingeki-no-kyojin-chapter-134", "chapter_number": 134.0, "manga": 2, "likes": []}}, {"model": "reader.chapter", "pk": 409, "fields": {"name": "shingeki-no-kyojin-chapter-135", "chapter_number": 135.0, "manga": 2, "likes": []}}, {"model": "reader.chapter", "pk": 410, "fields": {"name": "shingeki-no-kyojin-chapter-136", "chapter_number": 136.0, "manga": 2, "likes": []}}, {"model": "reader.chapter", "pk": 411, "fields": {"name": "shingeki-no-kyojin-chapter-137", "chapter_number": 137.0, "manga": 2, "likes": []}}, {"model": "reader.chapter", "pk": 412, "fields": {"name": "shingeki-no-kyojin-chapter-138", "chapter_number": 138.0, "manga": 2, "likes": []}}, {"model": "reader.chapter", "pk": 413, "fields": {"name": "shingeki-no-kyojin-chapter-139", "chapter_number": 139.0, "manga": 2, "likes": []}}, {"model": "reader.chapter", "pk": 414, "fields": {"name": "shingeki-no-kyojin-chapter-140", "chapter_number": 140.0, "manga": 2, "likes": []}}, {"model": "reader.comment", "pk": 2, "fields": {"user": 1, "chapter": 77, "text": "Вот это поворот :)))) хд", "created_at": "2023-09-01T04:04:35.231Z"}}, {"model": "reader.comment", "pk": 3, "fields": {"user": 1, "chapter": 81, "text": "фига орки ", "created_at": "2023-09-01T17:40:14.086Z"}}, {"model": "reader.comment", "pk": 4, "fields": {"user": 1, "chapter": 82, "text": "Жду не дождусь когда появятся его друзья из начала. Забыл как их зовут. Д)", "created_at": "2023-09-01T17:52:51.327Z"}}, {"model": "reader.comment", "pk": 5, "fields": {"user": 1, "chapter": 84, "text": "Что за оружие жд", "created_at": "2023-09-02T19:24:07.394Z"}}, {"model": "reader.comment", "pk": 6, "fields": {"user": 1, "chapter": 85, "text": "Yey, whooho science 😅", "created_at": "2023-09-03T04:56:26.764Z"}}, {"model": "reader.comment", "pk": 9, "fields": {"user": 1, "chapter": 86, "text": "Oh no it definitely can't be smartphone in this world ", "created_at": "2023-09-03T19:11:56.326Z"}}, {"model": "reader.comment", "pk": 14, "fields": {"user": 1, "chapter": 36, "text": "Super cool", "created_at": "2023-09-06T10:04:17.548Z"}}, {"model": "reader.comment", "pk": 16, "fields": {"user": 8, "chapter": 35, "text": "Looks nice", "created_at": "2023-09-06T17:20:42.021Z"}}, {"model": "reader.comment", "pk": 17, "fields": {"user": 1, "chapter": 35, "text": "wow", "created_at": "2023-09-06T17:23:34.636Z"}}, {"model": "reader.comment", "pk": 18, "fields": {"user": 1, "chapter": 93, "text": "haha that moment when he is watching in blueprint so funny : )\r\n", "created_at": "2023-09-09T13:49:23.928Z"}}, {"model": "reader.comment", "pk": 19, "fields": {"user": 1, "chapter": 94, "text": "I was more excited when understood that his father actualy speaks through this stories", "created_at": "2023-09-09T14:05:15.000Z"}}, {"model": "reader.comment", "pk": 20, "fields": {"user": 1, "chapter": 96, "text": "Haha , I like this operation\r\n", "created_at": "2023-10-12T07:25:30.342Z"}}, {"model": "reader.comment", "pk": 21, "fields": {"user": 1, "chapter": 99, "text": "Ooo my God. I was waiting for so long, to see this two.", "created_at": "2023-10-12T10:44:47.228Z"}}, {"model": "reader.comment", "pk": 22, "fields": {"user": 1, "chapter": 101, "text": "Why is everyone falling for this guy?", "created_at": "2023-10-18T22:36:31.568Z"}}, {"model": "account.bookmark", "pk": 25, "fields": {"manga": 1, "chapter": 102, "profile": 1}}, {"model": "account.bookmark", "pk": 26, "fields": {"manga": 1, "chapter": 35, "profile": 8}}, {"model": "account.bookmark", "pk": 27, "fields": {"manga": 2, "chapter": 274, "profile": 1}}, {"model": "account.profile", "pk": 1, "fields": {"user": 1, "photo": "users/2023/09/08/13_img.jpg"}}, {"model": "account.profile", "pk": 8, "fields": {"user": 8, "photo": "users/2023/09/06/Screenshot_2023-08-01-01-55-19-094_com.microsoft.emmx.jpg"}}]